-- phpMyAdmin SQL Dump
-- version 5.0.4
-- https://www.phpmyadmin.net/
--
-- Host: 127.0.0.1
-- Generation Time: Jan 27, 2022 at 10:20 AM
-- Server version: 10.4.16-MariaDB
-- PHP Version: 7.4.12

SET SQL_MODE = "NO_AUTO_VALUE_ON_ZERO";
START TRANSACTION;
SET time_zone = "+00:00";


/*!40101 SET @OLD_CHARACTER_SET_CLIENT=@@CHARACTER_SET_CLIENT */;
/*!40101 SET @OLD_CHARACTER_SET_RESULTS=@@CHARACTER_SET_RESULTS */;
/*!40101 SET @OLD_COLLATION_CONNECTION=@@COLLATION_CONNECTION */;
/*!40101 SET NAMES utf8mb4 */;

--
-- Database: `db_ajwa`
--

-- --------------------------------------------------------

--
-- Table structure for table `detail_pembelian`
--

CREATE TABLE `detail_pembelian` (
  `id_dtl_pembelian` int(11) NOT NULL,
  `no_faktur` varchar(255) NOT NULL,
  `kd_obat` varchar(10) NOT NULL,
  `no_batch` varchar(100) DEFAULT NULL,
  `harga_beli` int(11) NOT NULL,
  `qty` int(11) NOT NULL,
  `sub_total` int(11) NOT NULL,
  `tgl_expired` date NOT NULL
) ENGINE=InnoDB DEFAULT CHARSET=utf8mb4;

--
-- Dumping data for table `detail_pembelian`
--

INSERT INTO `detail_pembelian` (`id_dtl_pembelian`, `no_faktur`, `kd_obat`, `no_batch`, `harga_beli`, `qty`, `sub_total`, `tgl_expired`) VALUES
(5, 'INV MKS211004309', '0811O0007', 'DIG908K', 70000, 2, 140000, '2023-07-01'),
(6, 'INV MKS211004309', '0811O0008', '082112', 28600, 3, 85800, '2026-08-01'),
(7, 'INV MKS211004309', '0811O0009', 'EEG119', 3334, 3, 10002, '2023-07-01'),
(8, 'INV MKS211004309', '0811O0010', 'EEH158', 6667, 3, 20001, '2023-08-01'),
(9, 'INV MKS211004309', '0811O0011', '210713', 2460, 200, 492000, '2026-07-01'),
(10, 'INV MKS211004309', '0811O0012', 'EEF266', 19338, 3, 58014, '2023-06-01'),
(11, 'INV MKS211004309', '0811O0013', '23H636B', 7000, 5, 35000, '2023-02-01'),
(12, 'INV MKS211004309', '0811O0014', '23F492', 7000, 5, 35000, '2023-02-08'),
(13, 'INV MKS211004309', '0811O0015', '035121', 9318, 12, 111816, '2023-09-01'),
(14, 'INV MKS211004309', '0811O0016', '210104', 10000, 3, 30000, '2026-05-01'),
(15, 'INV MKS211004309', '0811O0017', '23H118', 31000, 3, 93000, '2023-06-01'),
(16, 'INV MKS211004309', '0811O0018', '022D21', 5000, 6, 30000, '2023-04-01'),
(17, 'INV MKS211004309', '0811O0019', '210226', 6500, 20, 130000, '2026-02-01'),
(18, 'INV MKS211004309', '0811O0020', '21068202', 158400, 3, 475200, '2026-06-01'),
(19, 'INV MKS211004309', '0811O0036', '210104', 7500, 20, 150000, '2026-01-01'),
(20, 'J/00161263', '0811O0021', '23', 9273, 24, 222552, '2022-12-01'),
(21, 'J/00161099', '0811O0022', '824', 31940, 5, 159700, '2024-08-01'),
(22, 'J/00161099', '0811O0023', 'BA/16', 11700, 5, 58500, '2023-08-01'),
(23, 'J/00161099', '0811O0024', 'BF1525', 32900, 3, 98700, '2023-12-01'),
(24, 'J/00161099', '0811O0021', '1222', 9273, 2, 18546, '2022-12-01'),
(25, '1821020936', '0811O0037', '081301', 3396, 72, 244512, '2026-08-02'),
(26, '1821020936', '0811O0038', '090401', 9399, 3, 28197, '2023-08-23'),
(27, '1821020936', '0911O0039', '0701721', 31650, 3, 94950, '2023-07-09'),
(28, '1821020936', '0911O0040', '0751421', 14900, 3, 44700, '2023-07-02'),
(29, '1821020936', '0911O0041', '0754521', 20000, 3, 60000, '2023-07-16'),
(30, '0007273', '1111O0042', '2105039', 52800, 9, 475200, '2024-05-01'),
(31, '6135/BIS-KLR/11/2021', '1411O0046', '21153201', 1583, 50, 79150, '2024-07-01'),
(32, '6135/BIS-KLR/11/2021', '1411O0047', 'A901241', 17023, 5, 85115, '2024-06-30'),
(33, '6134/BIS-KLR/11/2021', '1411O0043', '46052047', 2830, 20, 56600, '2025-09-30'),
(34, '6134/BIS-KLR/11/2021', '1411O0044', '210903108', 3800, 30, 114000, '2023-09-30'),
(35, '6134/BIS-KLR/11/2021', '1411O0045', '46107068', 1100, 10, 11000, '2023-06-10'),
(36, 'NMM01/02/FP/2110/AC00051', '0811O0029', 'GD01022', 62425, 2, 124850, '2026-09-01'),
(37, 'NMM01/02/FP/2110/AC00051', '0811O0030', 'GD00818', 36757, 3, 110271, '2026-09-01'),
(38, 'NMM01/02/FP/2110/AC00051', '0811O0031', 'GO00717', 9900, 2, 19800, '2026-08-15'),
(39, 'NMM01/02/FP/2110/AC00051', '0811O0032', 'AD00014', 5407, 3, 16221, '2026-06-15'),
(40, 'NMM01/02/FP/2110/AC00051', '0811O0033', 'GM05784', 84210, 1, 84210, '2026-01-01'),
(41, 'NMM01/02/FP/2110/AC00051', '0811O0034', 'GO00654', 7425, 3, 22275, '2026-08-01'),
(42, 'NMM01/02/FP/2110/AC00051', '0811O0035', 'GO006521', 13291, 3, 39873, '2026-08-01'),
(43, 'NMM01/02/FP/2111/BE00029', '0811O0029', 'GD01022', 56750, 1, 56750, '2026-09-01'),
(44, 'NMM01/02/FP/2111/BE00029', '0811O0030', 'GI01508', 33416, 1, 33416, '2026-10-01'),
(45, 'NMM01/02/FP/2111/BE00029', '2411O0048', 'GI01416', 17333, 3, 51999, '2026-10-01'),
(46, 'NMM01/02/FP/2111/BE00029', '0811O0031', 'GI01117', 9000, 3, 27000, '2026-08-01'),
(47, 'NMM01/02/FP/2111/BE00029', '0811O0032', 'GD0084', 4916, 3, 14748, '2026-09-01'),
(48, 'NMM01/02/FP/2111/BE00029', '2411O0051', 'GD00351', 7250, 2, 14500, '2026-09-01'),
(49, 'NMM01/02/FP/2111/BE00029', '2411O0052', 'GI02053', 7250, 2, 14500, '2026-10-01'),
(50, 'NMM01/02/FP/2111/BE00028', '2411O0049', '21074', 24416, 2, 48832, '2026-08-01'),
(51, 'NMM01/02/FP/2111/BE00028', '2411O0050', '21081', 18000, 2, 36000, '2026-07-01'),
(52, '12.0521/KND/06223', '2312O0053', 'SEP21A33', 1980, 25, 49500, '2024-04-01'),
(53, '12.0521/KND/06223', '2312O0054', 'AUG21A19', 13020, 3, 39060, '2023-08-01'),
(54, '12.0522/KND/06223', '2312O0055', 'AUG21A04', 28870, 1, 28870, '2023-08-01'),
(55, '12.0522/KND/06223', '2312O0056', 'AUG21A07', 28050, 1, 28050, '2024-08-01'),
(56, '12.0522/KND/06223', '2312O0057', 'SEP20A10', 29990, 1, 29990, '2022-09-01'),
(57, '12.0522/KND/06223', '2312O0058', 'AUG21A01', 65150, 1, 65150, '2023-08-01'),
(58, '12.0522/KND/06223', '2312O0059', 'AUG21A26', 9180, 25, 229500, '2023-08-01'),
(59, 'INV MKS211106071', '2312O0060', '231036', 30000, 3, 90000, '2024-09-01'),
(60, 'INV MKS211106071', '2312O0061', 'OOV01A1', 22900, 1, 22900, '2023-08-01'),
(61, 'INV MKS211106071', '2312O0062', 'EE1147', 3712, 3, 11136, '2023-09-01'),
(62, 'INV MKS211106071', '2312O0063', 'OOV02A1', 40300, 1, 40300, '2023-08-23'),
(63, 'INV MKS211106071', '2312O0064', 'EE1149', 3500, 5, 17500, '2023-09-01'),
(64, 'INV MKS211106071', '2312O0065', 'C7L327C1', 23000, 1, 23000, '2022-11-01'),
(65, 'INV MKS211106071', '2312O0066', '20200910', 1400, 1, 1400, '2023-09-01'),
(66, 'INV MKS211106071', '2312O0067', '20210513', 1500, 1, 1500, '2024-05-01'),
(67, 'INV MKS211106071', '2312O0068', 'EE1136', 3334, 3, 10002, '2023-09-01'),
(68, 'INV MKS211106071', '2312O0069', 'EEH333', 10000, 1, 10000, '2023-08-01'),
(69, 'INV MKS211106071', '2312O0070', '1', 529000, 10, 5290000, '2099-12-01'),
(70, 'INV MKS211106071', '0811O0013', '23H636G', 7000, 25, 175000, '2023-03-01'),
(71, 'INV MKS211106071', '0811O0014', '23H634H', 7000, 25, 175000, '2023-09-01'),
(72, 'INV MKS211106071', '0811O0017', '23K093', 31000, 3, 93000, '2023-09-01'),
(73, 'INV MKS211106071', '2312O0071', '62', 39000, 80, 3120000, '2023-08-01'),
(74, 'INV MKS211106071', '0811O0036', '210104', 7500, 1, 7500, '2026-01-01'),
(75, '1610289309', '2512O0072', '12046298Y1', 15177, 4, 60708, '2023-07-22'),
(76, '1610289309', '2512O0073', '12596298X1', 6201, 8, 49608, '2023-09-15'),
(77, '1610289309', '2512O0074', '21214103', 3994, 25, 99850, '2023-09-28'),
(78, '5628/BIS-KLR/10/2021', '0811O0025', 'TAMXB12424', 3230, 60, 193800, '2023-06-01'),
(79, '5628/BIS-KLR/10/2021', '0811O0026', '210808120', 2000, 50, 100000, '2023-08-30'),
(80, '5628/BIS-KLR/10/2021', '0811O0027', '210944116', 3200, 50, 160000, '2025-09-30'),
(81, '5628/BIS-KLR/10/2021', '2612O0075', '2104118', 8756, 12, 105072, '2024-04-30'),
(82, '1610271821', '0811O0028', '1aG1293', 60000, 2, 120000, '2023-07-31'),
(83, '1822022711', '0811O0038', '110011', 9399, 11, 103389, '2023-10-22'),
(84, '1822022711', '3112O0078', '092031', 1859, 51, 94809, '2024-09-07'),
(85, '1822022711', '3112O0079', '100371', 4725, 2, 9450, '2023-10-05'),
(86, '1822022711', '3112O0077', '100371', 1635, 51, 83385, '2024-10-24'),
(87, '6179', '3112O0080', '1 EH 6061O', 4625, 10, 46250, '2024-06-01'),
(88, '6179', '3112O0081', '1X60527', 4875, 10, 48750, '2023-11-01'),
(89, '6179', '3112O0082', '1PO60119', 10500, 10, 105000, '2023-07-01'),
(90, '6179', '3112O0083', '2104096', 12825, 3, 38475, '2024-04-01'),
(91, '6179', '1111O0042', '2105039.1', 60000, 60, 3600000, '2021-04-12'),
(92, '6179', '3112O0084', 'N2108030', 10000, 10, 100000, '2023-10-31'),
(93, 'INV/2109/DK0691', '3112O0085', 'BG017', 1230, 30, 36900, '2023-07-31'),
(94, 'INV/2109/DK0691', '3112O0086', 'BB026', 1230, 30, 36900, '2023-02-28'),
(95, 'INV/2109/DK0691', '3112O0087', 'RD066G', 3645, 10, 36450, '2025-04-01'),
(96, 'INV/2109/DK0687', '3112O0088', '03100057', 10000, 15, 150000, '2023-05-01'),
(97, 'INV/2109/DK0687', '3112O0089', 'CM90635', 36205, 2, 72410, '2023-05-01'),
(98, 'INV/2109/DK0687', '3112O0090', '13465', 10591, 2, 21182, '2023-05-01'),
(99, 'INV/2109/DK0687', '3112O0091', 'D0378132', 13160, 25, 329000, '2023-03-21'),
(100, 'J/00156974', '0101O0092', '063105', 60433, 3, 181299, '2024-07-01'),
(101, 'J/00156974', '0811O0021', '021P138', 9273, 12, 111276, '2022-12-01'),
(102, 'NMM01/02/FP/2109/AC00001', '0811O0029', '1', 56750, 2, 113500, '2025-01-01'),
(103, 'NMM01/02/FP/2109/AC00001', '0811O0034', '2', 6750, 5, 33750, '2025-01-01'),
(104, 'NMM01/02/FP/2109/AC00001', '0811O0031', '3', 9000, 3, 27000, '2024-06-25'),
(105, 'NMM01/02/FP/2109/AC00001', '2411O0051', '4', 7250, 3, 21750, '2024-06-17'),
(106, 'NMM01/02/FP/2109/AC00001', '0811O0033', '5', 75600, 1, 75600, '2024-05-06'),
(107, '4693/BIS-KLR/09/2021', '0101O0093', '1', 563, 200, 112600, '2023-07-31'),
(108, 'NMM01/02/FP/2201/XD00067', '0811O0032', '001', 4916, 12, 58992, '2025-10-04'),
(109, 'NMM01/02/FP/2201/XD00067', '0811O0031', '002', 9000, 12, 108000, '2025-10-04'),
(110, 'NMM01/02/FP/2201/XD00067', '2411O0048', '003', 17333, 12, 207996, '2025-10-04'),
(111, 'NMM01/02/FP/2201/XD00067', '0811O0030', '004', 33416, 5, 167080, '2025-10-04'),
(112, 'NMM01/02/FP/2201/XD00067', '0811O0029', '005', 56750, 5, 283750, '2025-10-04'),
(113, 'NMM01/02/FP/2201/XD00068', '2411O0050', '006', 18000, 3, 54000, '2024-10-04'),
(114, 'NMM01/02/FP/2201/XD00068', '2411O0049', '007', 24416, 3, 73248, '2024-10-04'),
(115, '2804492670', '0101O0094', 'B10133B', 4500, 10, 45000, '2023-01-06'),
(116, '2804492670', '0101O0095', '1234', 818, 500, 409000, '2026-04-29'),
(117, '2804492670', '0101O0096', '1LF60329', 13800, 25, 345000, '2023-09-30'),
(118, 'INV/2108/DK0590', '0401O0097', '042120601', 136364, 5, 681820, '2024-04-04'),
(119, 'INV/2108/DK0590', '0401O0098', '13045', 15455, 3, 46365, '2023-06-30'),
(120, '0000035', '0701O0102', '1 SI 0809', 52750, 10, 527500, '2024-08-01'),
(121, '0000035', '0701O0103', '190803', 35875, 3, 107625, '2024-08-01'),
(122, '0000035', '0701O0104', '1PL61111', 3575, 10, 35750, '2024-05-01'),
(123, '0000035', '3112O0082', '1PO60824', 10500, 50, 525000, '2024-02-01'),
(124, 'FKMKS/202201/04355', '1701O0107', 'BC2751', 15000, 10, 150000, '2024-07-01'),
(125, 'FKMKS/202201/05061', '1701O0106', 'BH8015A', 15750, 10, 157500, '2023-08-01'),
(126, 'FKMKS/202201/05061', '1701O0109', 'BL9789', 12000, 15, 180000, '2023-11-01'),
(127, 'FKMKS/202201/05061', '1701O0110', 'BK8134', 1200, 50, 60000, '2023-10-01'),
(128, 'FKMKS/202201/05064', '1701O0112', 'BK1931', 23100, 3, 69300, '2023-02-01'),
(129, 'FKMKS/202201/05064', '1701O0113', 'BK3468', 5610, 10, 56100, '2023-02-01'),
(130, 'FKMKS/202201/05064', '1701O0114', 'BK2317', 11600, 10, 116000, '2023-10-01'),
(131, 'FKMKS/202201/05064', '1701O0115', 'BJ2181', 12250, 10, 122500, '2023-09-01'),
(132, 'FKMKS/202201/05066', '1701O0108', 'Bm3504', 76600, 3, 229800, '2023-12-01'),
(133, 'FKMKS/202201/05065', '1701O0116', 'BH8247', 1720, 25, 43000, '2023-08-01'),
(134, 'FKMKS/202201/05062', '1701O0111', 'BC82498', 2260, 25, 56500, '2023-01-17'),
(135, 'FKMKS/202201/05063', '1701O0108', 'BM3504', 76600, 2, 153200, '2023-12-01'),
(136, '06223', '1701O0117', 'JUL21A04', 11910, 3, 35730, '2024-07-01'),
(137, '06223', '1701O0118', 'JUL21A07', 21290, 3, 63870, '2024-07-01'),
(138, '06223', '1701O0119', 'SEP21832', 1870, 50, 93500, '2023-11-01'),
(139, 'INV/2201/DK0280', '1701O0129', '071108', 9689, 3, 29067, '2025-08-01'),
(140, 'INV/2201/DK0280', '1701O0130', '110109', 17485, 3, 52455, '2025-09-01'),
(141, 'INV/2201/DK0280', '1701O0120', '200421', 3443, 50, 172150, '2024-03-01'),
(142, 'INV/2201/DK0280', '1701O0121', 'F39108', 2910, 5, 14550, '2024-06-01'),
(143, 'INV/2201/DK0280', '1701O0122', 'C29103', 2910, 5, 14550, '2024-03-01'),
(144, 'INV/2201/DK0280', '1701O0123', '123E21', 2240, 15, 33600, '2022-11-01'),
(145, 'INV/2201/DK0280', '1701O0124', '0310805', 10000, 20, 200000, '2023-08-09'),
(146, 'INV/2201/DK0280', '1701O0125', 'B151K059', 11700, 3, 35100, '2024-09-01'),
(147, 'INV/2201/DK0280', '1701O0126', '131K159', 6300, 10, 63000, '2023-04-29'),
(148, 'INV/2201/DK0280', '1701O0127', '14495', 10591, 3, 31773, '2023-07-31'),
(149, 'INV/2201/DK0280', '1701O0128', 'M20210705', 16727, 3, 50181, '2026-06-01'),
(150, '8610255874', '0401O0099', 'DX1A051', 2642, 75, 198150, '2023-05-31'),
(151, '8610255874', '1411O0046', '21081703', 1741, 25, 43525, '2024-04-01'),
(152, 'FKMKS/202108/04377', '0401O0101', 'BD2103', 49885, 10, 498850, '2023-04-01'),
(153, 'FKMKS/202108/04376', '1701O0109', 'BG9794', 12870, 15, 193050, '2023-07-01'),
(154, 'FKMKS/202108/04376', '1801O0131', 'BF1940', 17270, 1, 17270, '2023-06-01'),
(155, 'MKS-508/125', '1801O0132', '10210420', 14280, 24, 342720, '2024-10-18'),
(156, 'MKS-508/125', '1801O0133', 'D1c6371', 22000, 6, 132000, '2022-08-01'),
(157, 'MKS-508/125', '1111O0042', '2104051', 66000, 9, 594000, '2024-02-18'),
(158, 'MKS-508/125', '1801O0134', 'D1f463K', 29700, 6, 178200, '2023-06-01'),
(159, 'MKS-508/125', '1801O0135', 'C4K490D', 29700, 6, 178200, '2022-01-18'),
(199, 'NMM01/02/FP/2101/A100083', '2411O0049', '002', 24416, 2, 48832, '0001-01-01'),
(200, 'NMM01/02/FP/2101/A100083', '2411O0050', '003', 18000, 2, 36000, '0001-01-01'),
(201, 'NMM01/02/FP/2101/A100083', '1901O0169', 'IOD075', 10000, 2, 20000, '2025-09-01'),
(202, 'NMM01/02/FP/2101/A100083', '1901O0170', 'FOD231', 13900, 2, 27800, '2025-07-01'),
(203, 'NMM01/02/FP/2101/A100084', '0811O0029', '003', 56750, 2, 113500, '2023-01-01'),
(204, 'NMM01/02/FP/2101/A100084', '2411O0048', '004', 17333, 1, 17333, '2023-01-01'),
(205, 'FKMKS/202101/10927', '1901O0171', 'AL7227A', 204000, 1, 204000, '2022-11-13'),
(206, 'FKMKS/202101/10928', '1701O0112', 'AK1706', 23100, 2, 46200, '2022-02-28'),
(207, 'FKMKS/202101/10928', '1901O0172', 'AG2295', 67000, 1, 67000, '2022-07-15'),
(208, 'FKMKS/202101/10928', '1901O0173', 'AL80908', 133500, 1, 133500, '2022-11-05'),
(209, 'FKMKS/202101/10928', '1701O0115', 'AJ2186', 119500, 1, 119500, '2022-09-08'),
(210, 'FKMKS/202101/10928', '1901O0174', 'AM1566', 12700, 2, 25400, '2023-12-12'),
(211, 'FKMKS/202101/10928', '1901O0175', 'AG1642', 25000, 2, 50000, '2023-07-12'),
(212, 'FKMKS/202101/10928', '1701O0109', 'AK9782', 11700, 3, 35100, '2022-10-13'),
(213, 'FKMKS/202101/10928', '1801O0131', 'AK1992A', 15700, 3, 47100, '2022-10-19'),
(214, '2803913101', '1901O0176', 'E00361B', 17940, 2, 35880, '2022-04-01'),
(215, '2803913101', '1901O0194', 'I90084BJ', 4509, 5, 22545, '2022-08-01'),
(216, '2803913101', '0811O0027', 'H02218J', 37479, 3, 112437, '2024-08-01'),
(217, '2803913101', '1901O0177', 'I92484B', 17558, 2, 35116, '2022-09-01'),
(218, '2803913101', '1901O0178', 'C80568B', 26673, 1, 26673, '2023-02-01'),
(219, '2803913101', '1901O0179', 'J92616B', 5994, 5, 29970, '2022-09-01'),
(220, '2803913101', '1901O0180', 'K00596BJ', 10298, 1, 10298, '2024-10-01'),
(221, '2803913101', '1901O0181', 'C009015', 12380, 5, 61900, '2025-03-01'),
(222, '2803913101', '1901O0182', '2003.05.193', 12364, 5, 61820, '2022-03-01'),
(223, '2803913101', '1901O0183', '201020', 40909, 10, 409090, '2023-07-01'),
(224, '42123001232', '0811O0010', 'HTALNF05189', 48002, 2, 96004, '2022-09-01'),
(225, '42123001232', '0811O0009', 'HTALNE04243', 28000, 2, 56000, '2022-07-01'),
(226, '42123001232', '1901O0184', 'KTATVA05240', 56999, 1, 56999, '2022-09-01'),
(227, '42123001232', '1901O0185', 'KCBPCA03603', 22000, 2, 44000, '2022-05-01'),
(228, '42123001232', '1901O0186', 'KCFMBO0975', 44089, 1, 44089, '2022-07-01'),
(229, '42123001232', '1901O0187', 'DCFMA00649', 19800, 3, 59400, '2022-04-01'),
(230, '42123001232', '2312O0064', 'HTCTRC05023', 23499, 1, 23499, '2022-10-01'),
(231, '42123001232', '1901O0188', 'TLRTA00397', 13300, 1, 13300, '2024-08-01'),
(232, '42123001232', '1901O0189', 'TLMXB00377', 35409, 1, 35409, '2022-08-01'),
(233, '42123001232', '1901O0190', 'TLMXA00376', 18700, 1, 18700, '2022-08-01'),
(234, '42123001232', '1901O0151', 'HTMP5005143', 30700, 1, 30700, '2022-10-01'),
(235, '42123001232', '1701O0125', 'I51H034', 12485, 2, 24970, '2023-06-15'),
(236, '42123001232', '2312O0062', 'KOP2800516', 77581, 1, 77581, '2022-11-01'),
(237, '42123001232', '1901O0191', 'HTSVND06227', 23000, 1, 23000, '2022-11-01'),
(238, '42123001232', '1901O0192', 'WXOA081', 62890, 1, 62890, '2023-03-01'),
(239, '42123001232', '2512O0073', '02166298X', 6821, 1, 6821, '2022-08-01'),
(240, '42123001232', '2512O0072', '023940', 16109, 1, 16109, '2022-08-01'),
(241, '42123001232', '1901O0193', 'TY5Y', 46155, 1, 46155, '2021-12-01'),
(242, 'NMM01/02/FP/2102/XI00072', '1901O0207', '20112', 61507, 2, 123014, '2025-11-01'),
(243, 'NMM01/02/FP/2102/XI00072', '1901O0208', '20112', 43542, 2, 87084, '2025-11-01'),
(244, 'NMM01/02/FP/2102/XI00072', '2411O0050', '20111', 19800, 2, 39600, '2025-11-01'),
(245, 'NMM01/02/FP/2102/XI00072', '1901O0209', 'I0K244', 11770, 2, 23540, '2025-09-01'),
(246, 'NMM01/02/FP/2102/XI00072', '1901O0210', 'KOK071', 7425, 2, 14850, '2025-10-01'),
(247, 'NMM01/02/FP/2102/XI00072', '1901O0170', 'GOD174', 15290, 1, 15290, '2025-08-01'),
(248, 'NMM01/02/FP/2102/XI00072', '1901O0169', 'IOD075', 11000, 1, 11000, '2025-09-01'),
(249, 'NMM01/02/FP/2102/XI00072', '1901O0211', 'HOD126', 7260, 2, 14520, '2025-08-01'),
(250, 'NMM01/02/FP/2102/XI00072', '2411O0049', '004', 28857, 1, 28857, '2025-01-01'),
(251, 'NMM01/02/FP/2102/XI00072', '0811O0031', '00519', 10890, 2, 21780, '2025-11-01'),
(252, '12123001233', '1901O0195', '005', 2390, 10, 23900, '2022-01-01'),
(253, '12123001233', '1901O0196', '007', 2390, 10, 23900, '2022-01-01'),
(254, '12123001233', '1901O0197', '008', 3610, 10, 36100, '2022-01-01'),
(255, '12123001233', '1901O0198', '009', 3610, 10, 36100, '2022-01-01'),
(256, '12123001233', '1901O0199', '010', 4949, 5, 24745, '2022-01-01'),
(257, '12123001233', '1901O0200', '011', 35000, 1, 35000, '2022-01-01'),
(258, '12123001233', '1901O0202', '012', 678, 50, 33900, '2022-01-01'),
(259, '12123001233', '1901O0203', '013', 500, 50, 25000, '2022-01-01'),
(260, '12123001233', '1901O0204', '014', 500, 50, 25000, '2022-01-01'),
(261, '12123001233', '1901O0205', '015', 678, 50, 33900, '2022-01-01'),
(262, '12123001233', '1901O0206', '016', 5400, 10, 54000, '2022-01-01'),
(263, '12123001233', '1901O0201', '017', 4949, 5, 24745, '2022-01-01'),
(264, 'NMM01/02/FP/2102/XI00073', '0101O0095', '0321', 60000, 4, 240000, '2026-02-01'),
(265, 'INV/2105/DK0088', '0401O0099', 'XX04002', 38451, 2, 76902, '2023-10-01'),
(266, 'INV/2105/DK0088', '1901O0212', '20286202', 52116, 1, 52116, '2022-11-19'),
(267, 'INV/2105/DK0088', '1901O0213', 'IHA042', 12030, 3, 36090, '2023-01-01'),
(268, 'INV/2105/DK0088', '1901O0214', 'BC8P', 122914, 1, 122914, '2022-09-01'),
(269, 'INV/2105/DK0088', '1901O0215', '2006OLVP', 28463, 3, 85389, '2023-11-01'),
(270, 'INV/2105/DK0088', '1901O0216', 'WX04033', 242204, 1, 242204, '2022-09-01'),
(271, 'INV/2105/DK0088', '1901O0217', '66102003', 11834, 5, 59170, '2024-02-01'),
(272, 'INV/2105/DK0088', '1901O0218', '32011023', 11834, 5, 59170, '2023-11-01'),
(273, 'INV/2105/DK0088', '1901O0219', 'A06CL063', 106590, 3, 319770, '2023-07-01'),
(274, 'INV/2105/DK0087', '1901O0220', '03253', 17000, 5, 85000, '2022-06-01'),
(275, 'INV/2105/DK0087', '1901O0168', '02956298G2', 7750, 5, 38750, '2022-10-01'),
(276, 'INV/2105/DK0087', '1901O0221', '02796298H', 14550, 3, 43650, '2022-10-01'),
(277, 'INV/2105/DK0087', '1901O0222', '10266298A1', 7725, 5, 38625, '2023-01-01'),
(312, '005401/BIS/FKTN/2021', '1901O0138', 'TFTGE00391', 3276, 15, 49140, '2022-04-01'),
(313, '005401/BIS/FKTN/2021', '1901O0139', '001', 12500, 1, 12500, '2022-04-01'),
(314, '005401/BIS/FKTN/2021', '1901O0140', '050370', 5550, 10, 55500, '2023-04-01'),
(315, '005401/BIS/FKTN/2021', '1411O0047', 'A7700419', 5345, 1, 5345, '2022-12-01'),
(316, '005401/BIS/FKTN/2021', '0811O0022', '20J0018B', 31000, 5, 155000, '2023-08-01'),
(317, '005401/BIS/FKTN/2021', '1901O0143', 'MAY20A09', 832, 25, 20800, '2022-05-01'),
(318, '005401/BIS/FKTN/2021', '1901O0144', 'NOV20A07', 1788, 50, 89400, '2022-11-01'),
(319, '005401/BIS/FKTN/2021', '1901O0145', 'IB20056', 11814, 1, 11814, '2024-08-01'),
(320, '005401/BIS/FKTN/2021', '1901O0146', 'HB20045', 4539, 1, 4539, '2024-07-01'),
(321, '005401/BIS/FKTN/2021', '1901O0147', 'TSL74049', 4042, 10, 40420, '2023-10-01'),
(322, '005401/BIS/FKTN/2021', '3112O0078', '102420', 1845, 25, 46125, '2023-10-01'),
(323, '005401/BIS/FKTN/2021', '3112O0077', '100320', 1775, 25, 44375, '2023-09-01'),
(324, '005401/BIS/FKTN/2021', '0811O0037', '110650', 3394, 24, 81456, '2025-10-01'),
(325, '005401/BIS/FKTN/2021', '1901O0159', '080010', 1599, 25, 39975, '2022-07-01'),
(326, '005401/BIS/FKTN/2021', '1901O0148', 'A19V029', 13971, 24, 335304, '2023-10-01'),
(327, '005401/BIS/FKTN/2021', '1901O0149', 'A200109', 15198, 1, 15198, '2024-05-01'),
(328, '005401/BIS/FKTN/2021', '1901O0160', '226425', 33450, 1, 33450, '2023-08-01'),
(329, '005401/BIS/FKTN/2021', '1901O0150', '058GU', 14000, 3, 42000, '2022-07-01'),
(330, '005401/BIS/FKTN/2021', '1901O0151', 'M02CL030', 2700, 10, 27000, '2022-07-01'),
(331, '005401/BIS/FKTN/2021', '1901O0152', 'TMXCF01336', 1870, 25, 46750, '2022-08-01'),
(332, '005401/BIS/FKTN/2021', '1901O0153', '1643IL', 3783, 4, 15132, '2022-08-01'),
(333, '005401/BIS/FKTN/2021', '1901O0154', '2011.28.117', 1250, 30, 37500, '2022-11-01'),
(334, '005401/BIS/FKTN/2021', '1701O0119', 'SEP2OA73', 1790, 50, 89500, '2022-11-01'),
(335, '005401/BIS/FKTN/2021', '1901O0155', '1482IL', 21071, 10, 210710, '2022-08-01'),
(336, '005401/BIS/FKTN/2021', '1901O0156', 'AA171120', 2418, 12, 29016, '2022-09-01'),
(337, '005401/BIS/FKTN/2021', '1901O0157', '36002001', 3763, 72, 270936, '2025-01-01'),
(338, '005401/BIS/FKTN/2021', '1901O0158', '36141050', 1110, 10, 11100, '2022-04-01'),
(339, '005401/BIS/FKTN/2021', '1901O0161', 'M0271701', 20961, 10, 209610, '2022-03-01'),
(340, '005401/BIS/FKTN/2021', '1901O0162', 'DOI168G', 7524, 5, 37620, '2022-09-01'),
(341, '005401/BIS/FKTN/2021', '1901O0163', 'KFPOCB03693', 2767, 24, 66408, '2022-06-01'),
(342, '005401/BIS/FKTN/2021', '1701O0110', 'AJ8247', 3045, 10, 30450, '2022-09-15'),
(343, '005401/BIS/FKTN/2021', '1901O0164', '092600071', 1889, 12, 22668, '2022-04-01'),
(344, '005401/BIS/FKTN/2021', '1901O0165', '16364062', 2235, 5, 11175, '2023-08-01'),
(345, '005401/BIS/FKTN/2021', '1901O0166', '2011.17.120', 2460, 30, 73800, '2022-11-01'),
(346, '005501/BIS/FKTK/2021', '3112O0085', 'AK119', 1172, 30, 35160, '2022-10-01'),
(347, '005501/BIS/FKTK/2021', '3112O0086', 'AL016', 1172, 30, 35160, '2022-11-01'),
(348, '005501/BIS/FKTK/2021', '1901O0167', 'MAY20A10', 1869, 50, 93450, '2023-05-01'),
(349, '005501/BIS/FKTK/2021', '1901O0168', '0119629861', 7151, 1, 7151, '2022-04-27'),
(350, 'INV/2105/DK0086', '1901O0223', '1502106', 1256, 60, 75360, '2026-02-01'),
(351, 'INV/2105/DK0086', '2512O0074', '21059504', 32351, 2, 64702, '2023-03-01'),
(352, 'INV/2105/DK0086', '1901O0224', '20H0090', 11935, 5, 59675, '2022-11-01'),
(353, 'INV/2105/DK0086', '1901O0225', '20J0050', 11935, 5, 59675, '2022-11-01'),
(354, 'INV/2105/DK0086', '1901O0226', '20H0118', 11935, 5, 59675, '2022-12-01'),
(355, 'INV/2105/DK0086', '1901O0227', 'MO0019', 11447, 12, 137364, '2023-11-01'),
(356, 'INV/2105/DK0086', '1901O0228', 'P0134', 11447, 12, 137364, '2023-12-01'),
(357, 'INV/2105/DK0086', '1901O0229', '1A00099', 11447, 12, 137364, '2024-01-01'),
(358, 'INV/2105/DK0086', '1901O0230', 'N00738', 11447, 6, 68682, '2023-11-01'),
(359, 'INV/2105/DK0086', '1901O0231', '1A00085', 11447, 12, 137364, '2024-01-01'),
(360, 'INV/2105/DK0086', '1701O0117', 'JAN21A04', 13101, 3, 39303, '2024-01-01'),
(361, 'INV/2105/DK0086', '1901O0232', 'F50044', 6966, 2, 13932, '2025-01-01'),
(362, 'INV/2105/DK0086', '1901O0233', 'R4074G', 3790, 10, 37900, '2026-01-01'),
(363, 'INV/2105/DK0086', '1901O0234', '10936812', 2784, 20, 55680, '2024-02-01'),
(364, 'INV/2105/DK0086', '1901O0235', '10746419', 250, 100, 25000, '2024-02-01'),
(365, 'INV/2105/DK0086', '0101O0092', '20N00318', 64801, 6, 388806, '2023-12-01'),
(366, 'INV/2105/DK0086', '1901O0236', '2036131', 11660, 3, 34980, '2024-11-01'),
(367, 'INV/2105/DK0086', '3112O0090', '11430', 12090, 3, 36270, '2023-02-01'),
(368, 'INV/2105/DK0086', '1901O0237', '20N0070', 3070, 50, 153500, '2023-01-01'),
(369, 'INV/2105/DK0086', '1901O0238', '201L0097', 11044, 25, 276100, '2023-12-01'),
(370, 'INV/2105/DK0086', '1901O0239', '10104700078', 9860, 30, 295800, '2025-06-01'),
(371, 'INV/2105/DK0086', '1901O0240', '10104711008', 9860, 30, 295800, '2024-06-01'),
(372, 'INV/2105/DK0086', '1901O0241', '012231', 7325, 12, 87900, '2024-01-01'),
(373, 'INV/2105/DK0086', '1901O0242', '72003', 8433, 12, 101196, '2022-12-01'),
(374, 'INV/2105/DK0086', '1901O0243', 'KTNLGD04216', 7177, 10, 71770, '2022-08-01'),
(375, 'INV/2105/DK0086', '3112O0088', '0301204', 10450, 5, 52250, '2023-11-01'),
(376, 'INV/2105/DK0086', '1901O0244', 'A210064', 27611, 10, 276110, '2023-01-01'),
(377, 'INV/2105/DK0086', '1901O0245', '004', 14212, 3, 42636, '2023-10-01'),
(378, 'INV/2105/DK0086', '1901O0246', 'KKRB038', 10659, 3, 31977, '2023-11-01'),
(379, 'INV/2105/DK0086', '1901O0247', '2035135', 7469, 2, 14938, '2022-11-01'),
(380, 'INV/2105/DK0086', '0811O0015', '016B21', 10450, 5, 52250, '2023-11-01'),
(381, 'INV/2105/DK0086', '1901O0249', '014K20', 10450, 5, 52250, '2022-11-01'),
(382, 'INV/2105/DK0086', '1901O0250', 'FC8B', 68085, 2, 136170, '2023-05-01'),
(383, 'INV/2105/DK0086', '1901O0251', 'D1C1C341', 21340, 3, 64020, '2024-03-01'),
(384, 'INV/2105/DK0086', '2101O0320', '1010036', 1100, 10, 11000, '2022-10-01'),
(385, 'INV/2105/DK0086', '1901O0252', '02682', 6516, 12, 78192, '2023-04-01'),
(386, 'INV/2105/DK0086', '1901O0253', '01102021', 591, 100, 59100, '2023-02-01'),
(387, 'INV/2105/DK0086', '1901O0254', 'CN83929', 37352, 3, 112056, '2023-04-01'),
(388, 'INV/2105/DK0086', '1801O0132', '10201104', 16500, 12, 198000, '2024-05-01'),
(389, 'INV/2105/DK0086', '1901O0255', '3147MO', 13751, 2, 27502, '2022-11-01'),
(390, 'INV/2105/DK0086', '1901O0256', '3323NO', 13751, 2, 27502, '2022-12-01'),
(391, 'INV/2105/DK0086', '1901O0257', '3231A1', 13751, 2, 27502, '2023-01-01'),
(392, 'INV/2105/DK0086', '1901O0258', '84194', 6447, 20, 128940, '2023-11-01'),
(393, 'INV/2105/DK0086', '2101O0321', 'A6301', 6447, 20, 128940, '2022-02-01'),
(394, 'INV/2105/DK0086', '1901O0260', 'HCG20040030', 18810, 25, 470250, '2023-04-01'),
(395, 'INV/2105/DK0086', '1901O0261', 'JAN21A13', 12221, 5, 61105, '2023-01-01'),
(396, 'INV/2105/DK0086', '1901O0262', '0780AL', 7481, 20, 149620, '2023-04-01'),
(397, 'INV/2105/DK0086', '1901O0263', 'OL3851', 40480, 3, 121440, '2022-11-01'),
(398, 'INV/2105/DK0086', '1901O0264', '21A01', 7975, 5, 39875, '2024-01-01'),
(399, 'INV/2105/DK0086', '2411O0049', '25112', 25515, 24, 612360, '2025-11-01'),
(400, 'INV/2105/DK0086', '1901O0208', '21022', 41364, 12, 496368, '2026-02-01'),
(401, 'INV/2105/DK0086', '1901O0207', '21012', 58432, 12, 701184, '2026-01-01'),
(402, 'INV/2105/DK0086', '1901O0265', '21012', 39865, 3, 119595, '2026-01-01'),
(403, 'INV/2105/DK0086', '0811O0029', 'GR00422', 62425, 3, 187275, '2026-03-01'),
(404, 'INV/2105/DK0086', '0811O0030', 'FG00002', 36759, 3, 110277, '2026-02-01'),
(405, 'INV/2105/DK0086', '2411O0048', 'FG00003', 19066, 3, 57198, '2026-03-01'),
(406, 'INV/2105/DK0086', '0811O0031', 'FG00004', 9900, 3, 29700, '2026-02-01'),
(407, 'INV/2105/DK0086', '0811O0032', 'FG00005', 5108, 3, 15324, '2026-03-01'),
(408, 'INV/2105/DK0086', '2101O0322', '20J0079', 11682, 20, 233640, '2023-11-01'),
(409, 'INV/2105/DK0086', '2001O0267', '94955468', 500, 50, 25000, '2022-10-01'),
(410, 'INV/2105/DK0086', '2001O0268', '20C0537', 63009, 3, 189027, '2022-05-01'),
(411, 'INV/2105/DK0086', '2001O0269', '20L0046', 34564, 3, 103692, '2022-12-01'),
(412, 'INV/2105/DK0086', '2001O0270', '5201339', 15884, 3, 47652, '2023-09-01'),
(413, 'INV/2105/DK0086', '2001O0271', '520K125', 9450, 3, 28350, '2023-11-01'),
(414, 'INV/2105/DK0086', '2001O0272', 'RB408001', 10406, 2, 20812, '2025-01-01'),
(415, 'INV/2105/DK0086', '2001O0273', 'RG385101', 10406, 2, 20812, '2025-01-01'),
(416, 'INV/2105/DK0086', '2001O0274', 'PN367801', 10670, 2, 21340, '2023-06-01'),
(417, 'INV/2105/DK0086', '2001O0275', 'RGP421301', 10406, 2, 20812, '2025-07-01'),
(418, 'INV/2105/DK0086', '2001O0276', 'R5421201', 10406, 2, 20812, '2025-06-01'),
(419, 'INV/2105/DK0086', '1701O0128', 'M40201102', 17693, 2, 35386, '2025-10-01'),
(420, 'INV/2105/DK0086', '2001O0277', 'M20007N', 12001, 3, 36003, '2025-10-01'),
(421, 'INV/2105/DK0086', '2001O0278', '24A052', 7480, 3, 22440, '2023-10-01'),
(422, 'INV/2105/DK0086', '2001O0279', 'B246K020', 19305, 3, 57915, '2023-12-01'),
(423, 'INV/2105/DK0086', '2001O0280', 'MD2072', 33250, 3, 99750, '2026-02-01'),
(424, 'INV/2105/DK0086', '2001O0281', '11102071', 5250, 3, 15750, '2026-02-01'),
(425, 'INV/2105/DK0086', '2001O0282', '11912171', 9000, 3, 27000, '2024-12-01'),
(426, 'INV/2105/DK0086', '2001O0283', 'DI4654H', 20625, 5, 103125, '2023-01-01'),
(427, 'INV/2105/DK0086', '0401O0097', '042720601', 150000, 3, 450000, '2024-04-01'),
(428, 'INV/2105/DK0086', '2001O0284', '11622', 12750, 6, 76500, '2026-01-01'),
(429, 'INV/2105/DK0086', '2001O0285', '2003404', 126500, 2, 253000, '2025-01-01'),
(430, 'INV/2105/DK0086', '2001O0286', '28122088', 1050, 50, 52500, '2023-11-01'),
(431, 'INV/2105/DK0086', '2001O0287', 'OEJ075', 9324, 20, 186480, '2023-09-01'),
(432, 'INV/2105/DK0086', '2001O0288', 'OEK110', 10472, 10, 104720, '2023-10-01'),
(433, 'INV/2105/DK0086', '2001O0291', '029A21', 12320, 2, 24640, '2022-07-01'),
(434, 'INV/2105/DK0086', '2001O0292', '08MB01', 14707, 30, 441210, '2024-01-01'),
(435, 'INV/2105/DK0086', '2001O0293', 'MH.21AUG', 10527, 5, 52635, '2024-03-01'),
(436, 'INV/2105/DK0086', '2001O0294', '0193165', 13053, 20, 261060, '2025-11-01'),
(437, 'INV/2105/DK0086', '2001O0289', '0180481', 29700, 3, 89100, '2023-02-01'),
(438, 'INV/2105/DK00861', '2001O0318', '005', 4180, 10, 41800, '2023-01-21'),
(439, 'INV/2105/DK00861', '2001O0317', '007', 43913, 3, 131739, '2023-01-21'),
(440, 'INV/2105/DK00861', '2001O0316', '008', 3740, 3, 11220, '2023-01-20'),
(441, 'INV/2105/DK00861', '1901O0145', '009', 12496, 3, 37488, '2023-02-21'),
(442, 'INV/2105/DK00861', '2001O0315', '010', 22000, 3, 66000, '2023-01-02'),
(443, 'INV/2105/DK00861', '2001O0314', '011', 12100, 5, 60500, '2023-02-01'),
(444, 'INV/2105/DK00861', '2001O0313', '012', 1959, 50, 97950, '2023-03-21'),
(445, 'INV/2105/DK00861', '2001O0312', '013', 7100, 5, 35500, '2024-02-21'),
(446, 'INV/2105/DK00861', '2001O0311', '014', 6381, 20, 127620, '2023-02-21'),
(447, 'INV/2105/DK00861', '2001O0310', '015', 9087, 10, 90870, '2023-02-21'),
(448, 'INV/2105/DK00861', '2001O0309', '016', 14190, 3, 42570, '2024-05-21'),
(449, 'INV/2105/DK00861', '2001O0308', '017', 28600, 2, 57200, '2023-02-21'),
(450, 'INV/2105/DK00861', '3112O0089', '018', 3982, 10, 39820, '2023-02-21'),
(451, 'INV/2105/DK00861', '2001O0306', '019', 17099, 2, 34198, '2023-02-21'),
(452, 'INV/2105/DK00861', '2001O0307', '020', 17099, 2, 34198, '2023-02-21'),
(453, 'INV/2105/DK00861', '1901O0149', '021', 16885, 5, 84425, '2024-03-21'),
(454, 'INV/2105/DK00861', '2001O0305', '022', 22985, 3, 68955, '2024-02-21'),
(455, 'INV/2105/DK00861', '2001O0304', '023', 4125, 12, 49500, '2023-05-21'),
(456, 'INV/2105/DK00861', '2001O0303', '024', 10230, 2, 20460, '2023-05-21'),
(457, 'INV/2105/DK00861', '2001O0302', '025', 15169, 2, 30338, '2022-05-21'),
(458, 'INV/2105/DK00861', '2001O0301', '026', 17711, 2, 35422, '2023-05-21'),
(459, 'INV/2105/DK00861', '2001O0300', '027', 17711, 2, 35422, '2023-09-21'),
(460, 'INV/2105/DK00861', '2001O0299', '028', 11000, 3, 33000, '2023-10-21'),
(461, 'INV/2105/DK00861', '2001O0298', '029', 2574, 25, 64350, '2023-08-21'),
(462, 'INV/2105/DK00861', '2001O0297', '030', 12812, 12, 153744, '2023-08-21'),
(463, 'INV/2105/DK00861', '2001O0295', '031', 11447, 12, 137364, '2023-08-21'),
(464, 'INV/2105/DK00861', '2001O0296', '032', 11447, 12, 137364, '2023-08-21'),
(465, '7733/BIS-KLR/01/2022', '2301O0323', '20200525', 5327, 7, 37289, '2022-05-30'),
(466, 'FKMKS/202105/08505', '1701O0106', 'BA8529', 17325, 20, 346500, '2024-01-24'),
(467, 'FKMKS/202105/08505', '2001O0319', 'BD2104', 6600, 30, 198000, '2023-04-01'),
(468, 'FKMKS/202105/08505', '1901O0174', 'AL1565', 13970, 3, 41910, '2023-11-01'),
(469, 'FKMKS/202105/08505', '1901O0175', 'BC1738', 27500, 5, 137500, '2023-03-01'),
(470, 'FKMKS/202105/08505', '1701O0109', 'BC9733', 12870, 5, 64350, '2023-03-01'),
(471, 'FKMKS/202105/08505', '1801O0131', 'BC1805', 17270, 5, 86350, '2023-03-01'),
(472, '2804237316', '2401O0327', 'B10325W', 2438, 25, 60950, '2023-03-01'),
(473, '2804237316', '2401O0328', 'A00696', 885, 10, 8850, '2023-03-01'),
(474, '2804237316', '2401O0329', 'C10657W', 2937, 10, 29370, '2025-03-01'),
(475, '2804237316', '2401O0330', '46426001', 1518, 20, 30360, '2023-04-01'),
(476, '2804237316', '2401O0331', 'B10250W', 3803, 24, 91272, '2025-02-01'),
(477, '2804237316', '2401O0332', 'L00620B', 6365, 10, 63650, '2023-11-01'),
(478, '2804237316', '2401O0333', 'L00625B', 3609, 20, 72180, '2025-11-01'),
(479, '2804237316', '2401O0334', '2101092', 5534, 3, 16602, '2026-02-01'),
(480, '2804237316', '2401O0335', '2109148', 3323, 3, 9969, '2026-03-01'),
(481, '2804237316', '2401O0336', 'H19162W', 2069, 3, 6207, '2022-08-01'),
(482, '2804237316', '2401O0337', 'G91773B', 1756, 10, 17560, '2024-06-01'),
(483, '2804237316', '2401O0338', 'L03681J', 4749, 10, 47490, '2022-12-01'),
(484, '256/BIS-KLB.06/2021', '2401O0339', 'BX1A042', 619, 100, 61900, '2023-09-01'),
(485, '256/BIS-KLB.06/2021', '1901O0156', 'AA140821', 2664, 24, 63936, '2023-02-01'),
(486, '256/BIS-KLB.06/2021', '2401O0340', '071121', 3098, 24, 74352, '2022-10-01'),
(487, 'NMM01/02/SP/2106/AC00044', '1901O0169', '0010', 11000, 3, 33000, '2023-01-01'),
(488, 'NMM01/02/SP/2106/AC00044', '1901O0211', '0011', 7260, 3, 21780, '2023-01-02'),
(489, '2747/BIS-KLB/06/2021', '1801O0137', '10121', 3078, 10, 30780, '2023-01-01'),
(490, '2747/BIS-KLB/06/2021', '2001O0266', '00130', 1540, 10, 15400, '2024-10-01'),
(491, '2747/BIS-KLB/06/2021', '2401O0341', 'K59008', 4365, 3, 13095, '2024-01-01'),
(492, '2748/BIS-KLB/06/2021', '1411O0047', 'AB00281', 16191, 4, 64764, '2025-03-01'),
(493, '2748/BIS-KLB/06/2021', '2401O0342', 'C60071', 14182, 4, 56728, '2024-03-01'),
(494, '2928/BIS-KLB/06/2021', '1801O0136', '2104082', 11550, 10, 115500, '2023-04-01'),
(495, '2928/BIS-KLB/06/2021', '0811O0026', '21050527', 2359, 10, 23590, '2023-05-01'),
(496, '2928/BIS-KLB/06/2021', '1901O0154', '210514117', 1540, 10, 15400, '2023-05-01'),
(497, '2928/BIS-KLB/06/2021', '0811O0025', '210474115', 3410, 10, 34100, '2025-04-01'),
(498, '00635', '2401O0343', 'MAR21407', 2365, 50, 118250, '2023-03-01'),
(499, '00635', '2401O0344', 'APR21A08', 2046, 25, 51150, '2023-05-01'),
(500, '00636', '2001O0293', 'JUL20A01', 10923, 2, 21846, '2022-07-01'),
(501, '00636', '2312O0059', 'AUG20A23', 10098, 25, 252450, '2022-08-01'),
(502, 'INV/2106/DK067', '1901O0265', '2102', 210100, 2, 420200, '2026-01-01'),
(503, 'INV/2106/DK067', '1701O0124', '0310304', 11000, 10, 110000, '2023-03-01'),
(504, 'INV/2106/DK067', '1701O0129', '011102', 9960, 4, 39840, '2025-02-01'),
(505, 'INV/2106/DK067', '2001O0268', '20C0537', 64625, 2, 129250, '2022-05-01'),
(506, 'INV/2106/DK067', '2001O0269', '20L0046', 35090, 1, 35090, '2022-12-01'),
(507, 'NMM01/02/FP/2107/AG00037', '2411O0048', '2107', 19066, 5, 95330, '2023-02-01'),
(508, 'NMM01/02/FP/2107/AG00037', '0811O0031', '2108', 9900, 7, 69300, '2024-02-01'),
(509, 'NMM01/02/FP/2107/AG00037', '0811O0032', '2109', 5408, 3, 16224, '2023-02-01'),
(510, 'NMM01/02/FP/2107/AG00037', '1901O0232', '2110', 7663, 1, 7663, '2023-01-01'),
(511, '00153177', '1801O0132', '2111', 14565, 12, 174780, '2024-04-01'),
(512, '00153177', '1701O0109', 'BE9822', 12870, 3, 38610, '2023-05-01'),
(513, '3723/BIS-KLB/07/2021', '1901O0154', '21060217', 2068, 30, 62040, '2023-06-01'),
(514, '3723/BIS-KLB/07/2021', '1901O0166', '210544120', 2359, 30, 70770, '2023-05-01'),
(515, '3723/BIS-KLB/07/2021', '2401O0345', 'dx1a122', 619, 100, 61900, '2023-04-01'),
(516, 'nmm01/02/fp/2107/cx00069', '2401O0346', 'GE00119', 6691, 20, 133820, '2025-05-01'),
(517, 'nmm01/02/fp/2107/cx00069', '0811O0034', '1214', 7425, 2, 14850, '2024-05-01'),
(518, '3761/BIS-KLB/07/2021', '1411O0047', 'A800721', 16791, 3, 50373, '2025-05-01'),
(519, '3761/BIS-KLB/07/2021', '2401O0347', '1HD072', 10945, 3, 32835, '2023-04-01'),
(520, '3761/BIS-KLB/07/2021', '2401O0348', '1HD046', 10945, 3, 32835, '2023-04-01'),
(521, '3761/BIS-KLB/07/2021', '2401O0349', '1HC080', 15159, 2, 30318, '2023-03-01'),
(522, '26012022', '2512O0073', '0011', 6821, 3, 20463, '2023-01-01'),
(523, '26012022', '2601O0350', '0012', 11935, 3, 35805, '2023-01-01'),
(524, '26012022', '1901O0236', '0013', 11660, 4, 46640, '2023-01-01'),
(525, '4039/BIS/KLB/08/2021', '1801O0136', '21060224', 12127, 50, 606350, '2023-06-01'),
(526, '4039/BIS/KLB/08/2021', '1801O0137', '103097BA', 3080, 50, 154000, '2023-04-01'),
(527, '4039/BIS/KLB/08/2021', '1901O0154', '210514117', 2068, 50, 103400, '2023-05-01'),
(528, 'NMM01/02/FP/2108AX0001', '0811O0031', '126221', 9900, 5, 49500, '2023-06-01'),
(529, 'NMM01/02/FP/2108AX0001', '2411O0048', '126222', 19066, 3, 57198, '2023-05-01'),
(530, 'NMM01/02/FP/2108AX0001', '0811O0030', '126223', 36757, 3, 110271, '2023-04-01'),
(531, '09.01018/KND/06223', '2312O0058', 'JUL21A08', 71665, 2, 143330, '2023-07-01'),
(532, '09.01018/KND/06223', '2312O0059', 'JUL21A19', 10098, 25, 252450, '2023-07-01');

--
-- Triggers `detail_pembelian`
--
DELIMITER $$
CREATE TRIGGER `tambah_stok` AFTER INSERT ON `detail_pembelian` FOR EACH ROW BEGIN
        UPDATE master_obat SET stok = stok + NEW.qty WHERE kd_obat = NEW.kd_obat;
        END
$$
DELIMITER ;

-- --------------------------------------------------------

--
-- Table structure for table `detail_trx_penjualan`
--

CREATE TABLE `detail_trx_penjualan` (
  `id_dtl_trx_jual` int(11) NOT NULL,
  `kd_transaksi` varchar(20) NOT NULL,
  `no_faktur` varchar(255) NOT NULL,
  `kd_obat` varchar(10) NOT NULL,
  `qty` int(11) NOT NULL,
  `sub_total` int(11) NOT NULL
) ENGINE=InnoDB DEFAULT CHARSET=utf8mb4;

--
-- Dumping data for table `detail_trx_penjualan`
--

INSERT INTO `detail_trx_penjualan` (`id_dtl_trx_jual`, `kd_transaksi`, `no_faktur`, `kd_obat`, `qty`, `sub_total`) VALUES
(2, '221121001', '', '1411O0047', 1, 23000),
(3, '241121001', '', '2411O0050', 1, 23000),
(4, '241121002', '', '0811O0017', 1, 43000),
(5, '241221001', '', '0811O0030', 1, 42000),
(6, '241221001', '', '0811O0031', 1, 12000),
(7, '241221001', '', '0811O0032', 1, 7000),
(8, '241221001', '', '2411O0048', 1, 22000),
(9, '311221001', '', '0911O0041', 1, 25000),
(10, '010122001', '', '0811O0026', 1, 5000),
(11, '010122001', '', '0811O0027', 1, 5000),
(12, '010122001', '', '0811O0037', 2, 10000),
(13, '080122001', '', '2312O0060', 1, 39000),
(14, '080122002', '', '0811O0025', 1, 5000),
(15, '080122002', '', '0811O0026', 1, 5000),
(16, '180122001', '', '0811O0031', 2, 24000),
(17, '180122001', '', '1701O0124', 1, 13000),
(18, '180122002', '', '1701O0114', 1, 15000),
(19, '200122001', '', '0811O0035', 1, 15000),
(20, '200122002', '', '1901O0173', 1, 17000),
(21, '220122001', '', '0811O0027', 1, 5000),
(22, '220122002', '', '3112O0078', 1, 2500),
(23, '220122002', '', '0101O0093', 1, 1500),
(24, '220122003', '', '1901O0209', 1, 13000),
(25, '220122004', '', '0811O0011', 1, 4000),
(26, '230122001', '', '1901O0151', 1, 4000),
(27, '230122001', '', '1901O0154', 1, 3000);

--
-- Triggers `detail_trx_penjualan`
--
DELIMITER $$
CREATE TRIGGER `hapus_trx_restorestok` AFTER DELETE ON `detail_trx_penjualan` FOR EACH ROW BEGIN
        UPDATE master_obat SET stok = stok + OLD.qty WHERE kd_obat = OLD.kd_obat;
        END
$$
DELIMITER ;
DELIMITER $$
CREATE TRIGGER `pengurangan_stok` AFTER INSERT ON `detail_trx_penjualan` FOR EACH ROW BEGIN
        UPDATE master_obat SET stok = stok - NEW.qty WHERE kd_obat = NEW.kd_obat;
        END
$$
DELIMITER ;

-- --------------------------------------------------------

--
-- Table structure for table `faktur_pembelian`
--

CREATE TABLE `faktur_pembelian` (
  `no_faktur` varchar(255) NOT NULL,
  `id_suplier` int(11) NOT NULL,
  `tgl_beli` date NOT NULL,
  `jt_tempo` date NOT NULL,
  `jml_harga` int(20) NOT NULL,
  `ppn_persen` int(11) NOT NULL,
  `ppn` int(20) NOT NULL,
  `total_trx` int(20) NOT NULL,
  `waktu_input` timestamp NOT NULL DEFAULT current_timestamp() ON UPDATE current_timestamp()
) ENGINE=InnoDB DEFAULT CHARSET=utf8mb4;

--
-- Dumping data for table `faktur_pembelian`
--

INSERT INTO `faktur_pembelian` (`no_faktur`, `id_suplier`, `tgl_beli`, `jt_tempo`, `jml_harga`, `ppn_persen`, `ppn`, `total_trx`, `waktu_input`) VALUES
('0000035', 15, '2022-01-04', '2022-01-04', 1195875, 10, 119587, 1315462, '2022-01-07 13:57:34'),
('0007273', 15, '2021-11-10', '2021-11-10', 475200, 0, 0, 475200, '2021-11-12 08:30:53'),
('00153177', 13, '2021-07-22', '2021-07-22', 213390, 0, 0, 213390, '2022-01-24 13:46:20'),
('005401/BIS/FKTN/2021', 16, '2021-01-06', '2021-01-06', 2271716, 0, 0, 2271716, '2022-01-20 03:48:24'),
('005501/BIS/FKTK/2021', 16, '2021-01-06', '2021-01-06', 170921, 0, 0, 170921, '2022-01-20 03:52:57'),
('00635', 18, '2021-06-29', '2021-06-29', 169400, 0, 0, 169400, '2022-01-24 13:29:47'),
('00636', 18, '2021-06-29', '2021-06-29', 274296, 0, 0, 274296, '2022-01-24 13:32:57'),
('06223', 18, '2022-01-06', '2022-02-06', 193100, 10, 19310, 212410, '2022-01-17 13:57:05'),
('09.01018/KND/06223', 18, '2021-09-25', '2021-09-25', 395780, 0, 0, 395780, '2022-01-26 04:19:47'),
('12.0521/KND/06223', 18, '2021-12-18', '2021-12-18', 88560, 10, 8856, 97416, '2021-12-23 11:22:14'),
('12.0522/KND/06223', 18, '2021-12-18', '2021-12-18', 381560, 10, 38156, 419716, '2021-12-23 12:06:13'),
('12123001233', 24, '2021-07-02', '2021-07-02', 376290, 0, 0, 376290, '2022-01-19 06:20:40'),
('1610271821', 19, '2021-10-13', '2021-01-11', 120000, 10, 12000, 132000, '2021-12-26 12:46:29'),
('1610289309', 19, '2021-12-15', '2021-12-15', 210166, 10, 21016, 231182, '2021-12-25 08:41:31'),
('1821020936', 14, '2021-10-30', '2021-10-30', 472359, 0, 0, 472359, '2021-11-09 09:29:30'),
('1822022711', 14, '2021-12-29', '2021-12-29', 291033, 0, 0, 291033, '2021-12-30 21:20:19'),
('256/BIS-KLB.06/2021', 16, '2021-08-06', '2021-08-06', 200188, 0, 0, 200188, '2022-01-24 13:11:10'),
('26012022', 19, '2021-07-29', '2021-07-29', 102908, 0, 0, 102908, '2022-01-26 03:49:56'),
('2747/BIS-KLB/06/2021', 16, '2021-06-15', '2021-06-15', 59275, 0, 0, 59275, '2022-01-24 13:17:10'),
('2748/BIS-KLB/06/2021', 16, '2021-06-15', '2021-06-15', 121492, 0, 0, 121492, '2022-01-24 13:22:53'),
('2803913101', 21, '2021-01-29', '2021-01-29', 805729, 0, 0, 805729, '2022-01-19 04:58:05'),
('2804237316', 21, '2021-06-06', '2021-06-06', 454460, 0, 0, 454460, '2022-01-24 09:02:01'),
('2804492670', 21, '2021-08-25', '2021-09-24', 799000, 10, 79900, 878900, '2022-01-04 13:17:33'),
('2928/BIS-KLB/06/2021', 16, '2021-06-22', '2021-06-22', 188590, 0, 0, 188590, '2022-01-24 13:26:45'),
('3723/BIS-KLB/07/2021', 16, '2021-07-26', '2021-07-26', 194710, 0, 0, 194710, '2022-01-24 13:51:56'),
('3761/BIS-KLB/07/2021', 16, '2021-07-27', '2021-07-27', 146361, 0, 0, 146361, '2022-01-24 14:01:33'),
('4039/BIS/KLB/08/2021', 16, '2021-08-05', '2021-08-05', 863750, 0, 0, 863750, '2022-01-26 03:57:11'),
('42123001232', 24, '2021-01-30', '2021-01-30', 735626, 0, 0, 735626, '2022-01-19 05:33:39'),
('4693/BIS-KLR/09/2021', 16, '2021-09-06', '2021-09-06', 112600, 10, 11260, 123860, '2022-01-01 09:54:25'),
('5628/BIS-KLR/10/2021', 16, '2021-10-21', '2021-11-15', 558800, 10, 55880, 614680, '2021-12-26 12:31:45'),
('6134/BIS-KLR/11/2021', 16, '2021-11-12', '2021-11-12', 181600, 10, 18160, 199760, '2021-11-14 04:36:16'),
('6135/BIS-KLR/11/2021', 16, '2021-11-12', '2021-11-12', 164265, 10, 16426, 180691, '2021-11-14 04:33:12'),
('6179', 15, '2021-09-23', '2021-09-23', 539095, 10, 53909, 593004, '2021-12-31 11:16:06'),
('7733/BIS-KLR/01/2022', 16, '2022-01-22', '2022-02-16', 37289, 10, 3728, 41017, '2022-01-23 13:54:50'),
('8610255874', 19, '2021-08-24', '2021-08-24', 241675, 0, 0, 241675, '2022-01-18 10:47:22'),
('FKMKS/202101/10927', 22, '2021-01-20', '2021-01-20', 204000, 0, 0, 204000, '2022-01-19 04:02:11'),
('FKMKS/202101/10928', 22, '2021-01-20', '2021-01-20', 523800, 0, 0, 523800, '2022-01-19 04:18:11'),
('FKMKS/202105/08505', 22, '2021-05-29', '2021-05-29', 874610, 0, 0, 874610, '2022-01-24 08:28:01'),
('FKMKS/202108/04376', 22, '2021-08-18', '2021-08-18', 210320, 0, 0, 210320, '2022-01-18 10:52:16'),
('FKMKS/202108/04377', 19, '2021-08-18', '2021-08-18', 498850, 0, 0, 498850, '2022-01-18 10:50:10'),
('FKMKS/202201/04355', 22, '2022-01-17', '2022-01-17', 150000, 0, 0, 150000, '2022-01-17 13:12:14'),
('FKMKS/202201/05061', 22, '2022-01-17', '2022-01-17', 397500, 10, 39750, 437250, '2022-01-17 13:15:55'),
('FKMKS/202201/05062', 22, '2022-01-17', '2022-01-17', 56500, 10, 5650, 62150, '2022-01-17 13:27:01'),
('FKMKS/202201/05063', 22, '2022-01-17', '2022-01-17', 153200, 10, 15320, 168520, '2022-01-17 13:28:52'),
('FKMKS/202201/05064', 22, '2022-01-17', '2022-01-17', 363900, 10, 36390, 400290, '2022-01-17 13:21:02'),
('FKMKS/202201/05065', 22, '2022-01-17', '2022-01-17', 43000, 10, 4300, 47300, '2022-01-17 13:24:39'),
('FKMKS/202201/05066', 22, '2022-01-17', '2022-01-17', 229800, 10, 22980, 252780, '2022-01-17 13:22:46'),
('INV MKS211004309', 12, '2021-11-05', '2021-11-05', 1895833, 10, 189583, 2085416, '2021-11-08 08:55:26'),
('INV MKS211106071', 12, '2021-11-30', '2021-11-30', 9088238, 10, 908823, 9997061, '2021-12-23 13:02:23'),
('INV/2105/DK0086', 20, '2021-05-20', '2021-05-20', 10665231, 0, 0, 10665231, '2022-01-21 13:01:24'),
('INV/2105/DK00861', 20, '2021-05-20', '2021-05-20', 1759017, 0, 0, 1759017, '2022-01-21 13:26:44'),
('INV/2105/DK0087', 20, '2021-05-20', '2021-05-20', 206025, 0, 0, 206025, '2022-01-19 14:49:00'),
('INV/2105/DK0088', 20, '2021-05-20', '2021-05-29', 1053725, 0, 0, 1053725, '2022-01-19 14:43:35'),
('INV/2106/DK067', 20, '2021-06-26', '2021-06-26', 734380, 0, 0, 734380, '2022-01-24 13:37:06'),
('INV/2108/DK0590', 20, '2021-08-19', '2021-08-19', 728185, 10, 72818, 801003, '2022-01-04 13:25:16'),
('INV/2109/DK0687', 20, '2021-09-22', '2021-09-22', 572592, 10, 57259, 629851, '2022-01-01 08:52:36'),
('INV/2109/DK0691', 20, '2021-09-22', '2021-09-22', 110250, 10, 11025, 121275, '2022-01-01 08:46:34'),
('INV/2201/DK0280', 20, '2022-01-07', '2022-01-07', 696426, 10, 69642, 766068, '2022-01-17 14:08:36'),
('J/00156974', 13, '2021-09-01', '2021-09-01', 292575, 10, 29257, 321832, '2022-01-01 08:59:31'),
('J/00161099', 13, '2021-10-27', '2021-10-27', 335446, 10, 33544, 368990, '2021-11-08 09:11:34'),
('J/00161263', 13, '2021-10-28', '2021-10-28', 222552, 10, 22255, 244807, '2021-11-08 09:06:10'),
('MKS-508/125', 23, '2021-08-23', '2021-08-23', 1425120, 0, 0, 1425120, '2022-01-18 11:05:55'),
('NMM01/02/FP/2101/A100083', 17, '2021-01-09', '2021-01-09', 132632, 0, 0, 132632, '2022-01-19 03:52:14'),
('NMM01/02/FP/2101/A100084', 17, '2021-01-19', '2021-01-19', 130833, 0, 0, 130833, '2022-01-19 03:57:03'),
('NMM01/02/FP/2102/XI00072', 17, '2021-02-09', '2021-02-09', 379535, 0, 0, 379535, '2022-01-19 06:10:04'),
('NMM01/02/FP/2102/XI00073', 17, '2021-05-20', '2021-05-20', 240000, 0, 0, 240000, '2022-01-19 06:24:19'),
('NMM01/02/FP/2107/AG00037', 17, '2021-07-23', '2021-07-23', 188517, 0, 0, 188517, '2022-01-24 13:44:22'),
('nmm01/02/fp/2107/cx00069', 17, '2021-07-30', '2021-07-30', 148670, 0, 0, 148670, '2022-01-24 13:55:00'),
('NMM01/02/FP/2108AX0001', 17, '2021-08-10', '2021-08-10', 216969, 0, 0, 216969, '2022-01-26 04:03:33'),
('NMM01/02/FP/2109/AC00001', 17, '2021-09-13', '2021-09-13', 271600, 10, 27160, 298760, '2022-01-01 09:48:01'),
('NMM01/02/FP/2110/AC00051', 17, '2021-10-19', '2021-10-19', 417500, 0, 0, 417500, '2021-11-15 10:25:50'),
('NMM01/02/FP/2111/BE00028', 17, '2021-11-24', '2021-11-24', 84832, 10, 8483, 93315, '2021-11-24 12:16:50'),
('NMM01/02/FP/2111/BE00029', 17, '2021-11-24', '2021-11-24', 212913, 10, 21291, 234204, '2021-11-24 11:54:19'),
('NMM01/02/FP/2201/XD00067', 17, '2022-01-04', '2022-01-10', 825818, 10, 82581, 908399, '2022-01-04 12:09:01'),
('NMM01/02/FP/2201/XD00068', 17, '2022-01-04', '2022-01-10', 127248, 10, 12724, 139972, '2022-01-04 12:12:10'),
('NMM01/02/SP/2106/AC00044', 17, '2021-06-15', '2021-06-15', 54780, 0, 0, 54780, '2022-01-24 13:13:49');

--
-- Triggers `faktur_pembelian`
--
DELIMITER $$
CREATE TRIGGER `hapus_dtl_pembelian` BEFORE DELETE ON `faktur_pembelian` FOR EACH ROW BEGIN
        DELETE FROM detail_pembelian WHERE no_faktur= OLD.no_faktur; 
        END
$$
DELIMITER ;

-- --------------------------------------------------------

--
-- Stand-in structure for view `laporan1`
-- (See below for the actual view)
--
CREATE TABLE `laporan1` (
`kd_obat` varchar(10)
,`nama_obat` varchar(50)
,`harga_beli` int(11)
,`penambahan` decimal(32,0)
,`pengurangan` int(1)
);

-- --------------------------------------------------------

--
-- Table structure for table `master_obat`
--

CREATE TABLE `master_obat` (
  `kd_obat` varchar(10) NOT NULL,
  `nama_obat` varchar(50) NOT NULL,
  `satuan` varchar(100) DEFAULT NULL,
  `kemasan` varchar(255) NOT NULL,
  `prinsipal` varchar(100) DEFAULT NULL,
  `harga_jual` int(11) NOT NULL,
  `stok` int(11) NOT NULL,
  `waktu_input` timestamp NOT NULL DEFAULT current_timestamp() ON UPDATE current_timestamp()
) ENGINE=InnoDB DEFAULT CHARSET=utf8mb4;

--
-- Dumping data for table `master_obat`
--

INSERT INTO `master_obat` (`kd_obat`, `nama_obat`, `satuan`, `kemasan`, `prinsipal`, `harga_jual`, `stok`, `waktu_input`) VALUES
('0101O0092', 'Im Boost Force', 'Strip', 'Dus 3 Strip', 'Soho', 80000, 9, '2022-01-21 13:01:24'),
('0101O0093', 'Vicee Grape Tab', 'strip', 'Dus 100 Tab', 'Darya Varia', 1000, 199, '2022-01-22 13:42:11'),
('0101O0094', 'Tablet Tambah Darah Neo', 'Strip', 'Dus 10 Strip', 'Kf', 6000, 10, '2022-01-04 13:17:33'),
('0101O0095', 'Baymed Surgical Face Mask Hijab', 'Pcs', 'Dus 50 Pc', 'Baymed', 2000, 504, '2022-01-19 06:24:19'),
('0101O0096', 'Cendo LFX MD', 'Mini Dose', 'Strip', 'Cendo', 18000, 25, '2022-01-04 13:17:33'),
('0401O0097', 'Minyak Kutus-Kutus 100 ml', 'Botol', 'Botol 100 ml', 'Sumber Waras', 190000, 8, '2022-01-21 13:01:24'),
('0401O0098', 'Wouds Cough Expectorant', 'Botol', 'Botol 60 ml', 'Kalbe', 20000, 3, '2022-01-04 13:25:16'),
('0401O0099', 'Stop Cold Dragee', 'Strip', 'Dus 15 Strip', 'Darya Varia', 3000, 77, '2022-01-19 14:43:35'),
('0401O0101', 'Glauseta Tab', 'Strip', 'Dus 10 Strip', 'Sanbe', 60000, 10, '2022-01-18 10:50:10'),
('0701O0102', 'Siloxan 5 ml', 'Botol', 'Botol 5 ml', 'Cendo', 80000, 10, '2022-01-07 13:57:34'),
('0701O0103', 'Cendo Xitrol EO Salep', 'Tube', 'Tube 3,5 g', 'Cendo', 50000, 3, '2022-01-07 13:57:34'),
('0701O0104', 'Polynel 0,6 ml MD', 'Mini Dose', 'Strip 5 MD', 'Cendo', 5000, 10, '2022-01-07 13:57:34'),
('0811O0007', 'Oxoferin Solution 30 ml', 'Botol 30 ml', 'Botol', 'Pharos', 96000, 2, '2021-11-08 08:55:26'),
('0811O0008', 'Sensipad Underpad Alas Popok', 'Bungkus 10 Pc', 'Bungkus 10 Pc', 'Sensi', 45000, 3, '2021-11-08 08:55:26'),
('0811O0009', 'Amlodipin 5 mg Tab', 'Strip', 'Dus 3 Strip', 'Novell', 5000, 5, '2022-01-19 05:33:39'),
('0811O0010', 'Amlodipin 10 mg', 'Strip', 'Dus 3 Strip', 'Novell', 8000, 5, '2022-01-19 05:33:39'),
('0811O0011', 'Sensi Mask Duckbill 50 \'s', 'Pc', 'Dus 50 Pc', 'Sensi', 4000, 199, '2022-01-22 13:53:17'),
('0811O0012', 'Desoximetasone salep 0,25 %', 'Tube', 'Tube', 'Novell', 26000, 3, '2021-11-08 08:55:26'),
('0811O0013', 'Egoji Chewy Gummy Jeruk', 'Bks', 'Dus 5 Bks', 'Novell', 10000, 30, '2021-12-23 13:02:23'),
('0811O0014', 'Egoji Chewy Gummy Strawberry', 'Bks', 'Dus 5 Bks', 'Novell', 10000, 30, '2021-12-23 13:02:23'),
('0811O0015', 'Plossa Hanger Eucalyptus', 'Pc', 'Pc', 'Plossa', 13000, 17, '2022-01-21 13:01:24'),
('0811O0016', 'Super Magic Man Premium Gold', 'Dus', 'Dus 3 Sach', 'Delta', 13000, 2, '2021-12-25 09:00:24'),
('0811O0017', 'Cooling 5 Plus Orange', 'Botol 15 ml', 'Botol', 'Pharos', 41000, 5, '2021-12-23 13:02:23'),
('0811O0018', 'Plossa Mini Eucalyptus', 'Pcs', 'Pcs', 'Plossa', 7000, 6, '2021-11-08 08:55:26'),
('0811O0019', 'Sensi Convex Mask 4 ply', 'Pcs', 'Dus 20 Pcs', 'Sensi', 10000, 20, '2021-11-08 08:55:26'),
('0811O0020', 'Sensi Glove Latex Non Powder', 'Dus', 'Dus 50 Pair', 'Sensi', 220000, 3, '2021-11-08 08:55:26'),
('0811O0021', 'Polident Cleanser', 'Strip', 'Dus 12 Strip', 'Glaxo', 13000, 38, '2022-01-01 08:59:31'),
('0811O0022', 'Im Boost Tab', 'Strip', 'Dus 5 Strip', 'Soho', 41000, 16, '2022-01-20 03:48:24'),
('0811O0024', 'Nymiko Suspensi', 'Botol 12 ml', 'Botol', 'Sanbe', 44000, 3, '2021-11-08 09:11:34'),
('0811O0025', 'Amoxicillin 500 mg (HJ)', 'Strip', 'Dus 20 Strip', 'Hexafarm', 5000, 69, '2022-01-24 13:26:45'),
('0811O0026', 'As. Mefenamat 500 mg (Nova)', 'Strip', 'Dus 10 Strip', 'Nova', 5000, 58, '2022-01-24 13:26:45'),
('0811O0027', 'Ampicilln 500 mg (Nova)', 'Strip', 'Dus 10 Strip', 'Nova', 5000, 51, '2022-01-22 13:41:20'),
('0811O0028', 'Forti D 1000', 'Dus', 'Dus 28 Kapsul', 'Darya Varia', 82000, 2, '2021-12-26 12:46:29'),
('0811O0029', 'Minyak Kayu Putih 210 ml', 'Botol 210 ml', 'Botol', 'Cap Lang', 72000, 10, '2022-01-21 13:01:24'),
('0811O0030', 'Minyak Kayu Putih 120 ml', 'Botol 120 ml', 'Botol 120 ml', 'Cap Lang', 43000, 11, '2022-01-26 04:03:33'),
('0811O0031', 'Minyak Kayu Putih 30 ml', 'Botol 30 ml', 'Botol', 'Cap Lang', 12000, 34, '2022-01-26 04:03:33'),
('0811O0032', 'Minyak Kayu Putih 15 ml', 'Botol 15 ml', 'Botol', 'Cap Lang', 7000, 23, '2022-01-24 13:44:22'),
('0811O0033', 'Eucalyptus Desinfektan Spray 200 ml', 'Botol 500 ml', 'Botol', 'Cap Lang', 100000, 2, '2022-01-01 09:48:01'),
('0811O0034', 'Balsem Aktiv 20 g', 'Pot 20 g', 'Pot', 'Cap Lang', 9000, 10, '2022-01-24 13:55:00'),
('0811O0035', 'Balsem Aktiv 40 g', 'Pot 40 g', 'Pot', 'Cap Lang', 16000, 2, '2022-01-20 13:42:24'),
('0811O0036', 'Sensi Mask Duckbill 3\'s', 'Bks', 'Bks', 'Sensi', 12000, 21, '2021-12-23 13:02:23'),
('0811O0037', 'Bodrex Tab', 'Strip', 'Dus 2 Strip', 'Bode', 5000, 126, '2022-01-20 03:48:24'),
('0811O0038', 'Bodrexin Flu & Batuk PE Syr', 'Botol 56 ml', 'Botol', 'Bode', 12000, 11, '2021-12-30 21:28:25'),
('0911O0039', 'My Baby Minyak Telon Plus 150 ml', 'Botol 150 ml', 'Botol', 'Tempo', 38000, 3, '2021-11-09 09:29:30'),
('0911O0040', 'My Baby Minyak Telon Plus 60 ml', 'Botol 60 ml', 'Botol', 'Tempo', 19000, 3, '2021-11-09 09:29:30'),
('0911O0041', 'My Baby Minyak Telon Plus 90 ml', 'Botol 90 ml', 'Botol', 'Tempo', 25000, 2, '2021-12-31 11:25:27'),
('1111O0042', 'Donepezil Tab', 'Strip', 'Dus 3 Strip', 'Nulab', 80000, 0, '2022-01-23 05:27:47'),
('1411O0043', 'Pehacain Injeksi', 'Ampul', 'Dus 20 Ampul', 'Phapros', 4000, 20, '2021-11-14 04:36:16'),
('1411O0044', 'Ciprofloxacin Tab (Nova)', 'Strip', 'Dus 10 Strip', 'Nova', 6000, 30, '2021-11-14 04:36:16'),
('1411O0045', 'Antimo Anak Jeruk', 'Sachet', 'Dus 10 Sachet', 'Phapros', 2000, 10, '2021-11-14 04:36:16'),
('1411O0046', 'Decolgen Tab', 'Strip', 'Dus 25 Strip', 'Darya Varia', 2500, 75, '2022-01-18 10:47:22'),
('1411O0047', 'Hufagrip Flu & Batuk', 'Botol 60 ml', 'Botol 60 ml', 'Hufa', 23000, 12, '2022-01-24 14:01:33'),
('1701O0106', 'Becom C Kaplet', 'Strip', 'Dus 10 Strip', 'Sanbe', 21000, 30, '2022-01-24 08:28:01'),
('1701O0107', 'Tremenza Tablet', 'Strip', 'Dus 10 Strip', 'Sanbe', 20000, 10, '2022-01-17 13:12:14'),
('1701O0108', 'Levocin Eye Drop 5 ml', 'Botol 5 ml', 'Botol', 'Sanbe', 103000, 5, '2022-01-17 13:28:53'),
('1701O0109', 'Sanmol Syr', 'Botol 60 ml', 'Botol', 'Sanbe', 16000, 41, '2022-01-24 13:46:20'),
('1701O0110', 'Sanmol Tab', 'Strip', 'Dus 25 Str', 'Sanbe', 2000, 86, '2022-01-20 03:48:24'),
('1701O0111', 'Poldan Mig Kaplet', 'Strip', 'Dus 25 Strip', 'Sanbe', 3000, 25, '2022-01-17 13:27:01'),
('1701O0112', 'Elkana Syrup', 'Botol 60 ml', 'Botol', 'Sanbe', 31000, 5, '2022-01-19 04:18:11'),
('1701O0113', 'Neurosanbe Injeksi', 'Ampul', 'Dus 10 Ampul', 'Sanbe', 7500, 10, '2022-01-17 13:21:03'),
('1701O0114', 'Neurosanbe Plus Kaplet', 'Strip', 'Dus 10 Strip', 'Sanbe', 15000, 9, '2022-01-18 10:35:58'),
('1701O0115', 'Neurosanbe Tablet', 'Strip', 'Dus 10 Strip', 'Sanbe', 16000, 11, '2022-01-19 04:18:11'),
('1701O0116', 'Sanaflu Kaplet', 'Strip', 'Dus 25 Strip', 'Sanbe', 2500, 25, '2022-01-17 13:24:39'),
('1701O0117', 'Fungiderm 5 gr', 'Tube 5 gr', 'Tube', 'Konimex', 16000, 6, '2022-01-21 13:01:24'),
('1701O0118', 'Fungiderm 10 gr', 'Tube 10 gr', 'Tube', 'Konimex', 28000, 3, '2022-01-17 13:57:05'),
('1701O0119', 'Paramex Sakit Kepala', 'Strip', 'Dus 50 Strip', 'Konimex', 2500, 151, '2022-01-20 03:48:24'),
('1701O0120', 'Pil Kita', 'Strip 4 Tab', 'Dus 50 Strip', 'Marguna', 5000, 50, '2022-01-17 14:08:36'),
('1701O0121', 'Paracetamol Syr Apel', 'Botol 60 ml', 'Botol', 'AFI', 5000, 5, '2022-01-17 14:08:36'),
('1701O0122', 'Paraceamol Syr Mint', 'Botol 60 ml', 'Botol', 'AFI', 5000, 5, '2022-01-17 14:08:36'),
('1701O0123', 'Adem Sari Vit C', 'Sachet', 'Dus 5 Sachet', 'enesis', 3000, 15, '2022-01-17 14:08:36'),
('1701O0124', 'Pi Kang Shuang Krim', 'Tube 5 gr', 'Tube', 'Pi Kang', 13000, 29, '2022-01-24 13:37:06'),
('1701O0125', 'Mylanta Liquid 50 ml', 'Botol 50 ml', 'Botol', 'Jhonson-Jhonson', 16000, 5, '2022-01-19 05:33:39'),
('1701O0126', 'Mylanta Tablet', 'Strip', 'Dus 10 Strip', 'Jhonson-Jhonson', 8000, 10, '2022-01-17 14:08:36'),
('1701O0127', 'Kalpanax K Cream 5 g', 'Tube 5 gr', 'Tube', 'Kalbe', 14000, 3, '2022-01-17 14:08:36'),
('1701O0128', 'Kondom Sutra 12 S', 'Dus 12 Sach', 'Dus', 'Sutra', 22000, 5, '2022-01-21 13:01:24'),
('1701O0129', 'Laserin 60 ml', 'Botol 60 ml', 'Botol', 'Mecosin', 13000, 7, '2022-01-24 13:37:06'),
('1701O0130', 'Laserin 110 ml', 'Botol 110 ml', 'Botol', 'Mucosin', 23000, 3, '2022-01-17 14:08:36'),
('1801O0131', 'Sanmol Drops', 'Botol 10 ml', 'Botol', 'Sanbe', 20000, 9, '2022-01-24 08:28:01'),
('1801O0132', 'Safe Care Aromatherapy Minyak Angin', 'Botol', 'Botol', 'Safe Care', 17000, 48, '2022-01-24 13:46:20'),
('1801O0133', 'Nebacetin Powder 5 g', 'Botol', 'Botol', 'Pharos', 26000, 6, '2022-01-18 11:05:55'),
('1801O0134', 'Proris Forte Suspensi 50 ml', 'Botol 50 ml', 'Botol', 'Pharos', 35000, 6, '2022-01-18 11:05:55'),
('1801O0135', 'Proris Suspensi 60 ml', 'Botol 60 ml', 'Botol', 'Pharos', 29000, 6, '2022-01-18 11:05:55'),
('1801O0136', 'Iremax Tablet', 'Strip', 'Dus 10 Strip', 'Guardian', 14000, 60, '2022-01-26 03:57:11'),
('1801O0137', 'Ibuprofen 400 mg Tab', 'Strip', 'Dus 10 Strip', 'Rama', 4000, 60, '2022-01-26 03:57:11'),
('1901O0138', 'Fatigon 60 Tab', 'Strip', 'Dus 15 Strip', 'Fatigon', 5000, 91, '2022-01-20 03:48:24'),
('1901O0139', 'Fitkom Orange', 'Tab', 'Botol 21 Tab', 'Ftkom', 16000, 24, '2022-01-20 03:48:24'),
('1901O0140', 'Hemaviton Action', 'Tab', 'Box 10 strip', 'Hemaviton', 7000, 21, '2022-01-20 03:48:24'),
('1901O0141', 'Nufagesic syrup 60 ml', 'Botol', 'Botol 60 mL', 'Nufagesic', 7000, 2, '2022-01-19 16:56:50'),
('1901O0143', 'Inzana Tab', 'Strip', 'Box 25 strip', 'inzana', 1500, 51, '2022-01-20 03:48:24'),
('1901O0144', 'Askamex Tab', 'strip', 'Box 50 strip', 'Askamex', 2500, 101, '2022-01-20 03:48:24'),
('1901O0145', 'Betadine Solution 15 mL', 'Botol', 'Botol 15 ml', 'Betadine', 16000, 6, '2022-01-21 13:26:44'),
('1901O0146', 'Betadine Solution 5 mL', 'Botol', 'Botol 5 ml', 'Betadine', 6000, 3, '2022-01-20 03:48:24'),
('1901O0147', 'Biolysin Tab', 'strip', 'Box 10 strip', 'Biolysin', 6000, 21, '2022-01-20 03:48:24'),
('1901O0148', 'Combantrin (OTC) 125 mg', 'Strip', 'Box 25 Strip', 'Combantrin', 17500, 50, '2022-01-20 03:48:24'),
('1901O0149', 'Combantrin Susp Orange', 'Botol', 'Botol 10 ml', 'Combantrin', 20000, 8, '2022-01-21 13:26:44'),
('1901O0150', 'Maximus 500', 'Blister', 'Box 30 Tab', 'Maximus', 18000, 7, '2022-01-20 03:48:24'),
('1901O0151', 'methylprednisolon 4 mg Tab', 'Strip', 'Box 10 strip', 'Methylprednisolon', 4000, 21, '2022-01-23 02:04:06'),
('1901O0152', 'Mixagrip Flu', 'Strip', 'Box 25 @4 strip', 'Mixagrip', 2500, 51, '2022-01-20 03:48:24'),
('1901O0153', 'Natur E sc', 'Strip', 'Box 4', 'Natur E', 5000, 9, '2022-01-20 03:48:24'),
('1901O0154', 'Paracetamol 500 mg Tab', 'Strip', 'Box 30 strip', 'Nova', 3000, 152, '2022-01-26 03:57:11'),
('1901O0155', 'Pharmaton Formula', 'Strip', 'Box 10 Strip @5', 'Pharmaton', 28000, 21, '2022-01-20 03:48:24'),
('1901O0156', 'Antangin JRG', 'Sachet', 'Dus 12', 'antangin', 3000, 49, '2022-01-24 13:11:10'),
('1901O0157', 'Antimo Dewasa Tab', 'strip', 'Box 72 cacth cover', 'antimo', 5000, 91, '2022-01-20 03:48:24'),
('1901O0158', 'Antimo Anak Strawberry', 'Sachet', 'box 10', 'antimo', 2000, 21, '2022-01-20 03:48:24'),
('1901O0159', 'Bodrexin Tab', 'Strip', 'pack 25 @4', 'Bodrexin', 2500, 51, '2022-01-20 03:48:24'),
('1901O0160', 'Cooling 5 Mint', 'Botol', 'Botol', 'cooling', 43000, 3, '2022-01-20 03:48:24'),
('1901O0161', 'Pharmaton Vit FCT', 'Strip', 'Box 10 Strip @5', 'pharmaton', 28000, 21, '2022-01-20 03:48:24'),
('1901O0162', 'Polysilane Tab', 'Tab', 'Box 5 @8', 'Polysilane', 10000, 11, '2022-01-20 03:48:24'),
('1901O0163', 'Procold Flu Kap', 'Strip', 'Box 24 blister', 'procold', 4000, 49, '2022-01-20 03:48:24'),
('1901O0164', 'Tolak Angin Cair Anak', 'Sachet', 'Dus 12 Sachet', 'Tolak angin', 2500, 25, '2022-01-20 03:48:24'),
('1901O0165', 'Natrium Diklofenak 25 mg', 'Strip', 'Box 50 Strip', 'Nadic', 4000, 11, '2022-01-20 03:48:24'),
('1901O0166', 'Asam Mefenamat', 'Strip', 'Box 10 strip', 'Nova', 5000, 93, '2022-01-24 13:51:56'),
('1901O0167', 'Konidin Tab', 'strip', 'Box 50 Strip @4', 'konidin', 2500, 51, '2022-01-20 03:52:57'),
('1901O0168', 'Vicks Formula 44 anak Strawberry', 'botol', 'botol 27 mL', 'Vicks', 10000, 7, '2022-01-20 03:52:57'),
('1901O0169', 'Herocyn Kecil 85 gr', 'Botol', 'Botol 85 gr', 'herocyn', 13000, 6, '2022-01-24 13:13:49'),
('1901O0170', 'Herocyn Besar 150 gr', 'Botol', 'Botol 150 gr', 'herocyn', 23000, 3, '2022-01-19 06:10:04'),
('1901O0171', 'Formuno Kaplet', 'Strip', 'Box 10 strip', 'formuno', 90000, 1, '2022-01-19 04:02:11'),
('1901O0172', 'Histapan 50 mg Tab', 'Strip', 'Box 10 strip', 'histapan', 8500, 1, '2022-01-19 04:18:11'),
('1901O0173', 'Mefinal 500 mg', 'Strip', 'Box 10 strip', 'mefinal', 17000, 6, '2022-01-20 13:43:14'),
('1901O0174', 'Neo Kaolana syr 120 mL', 'Botol', 'Botol 120 mL', 'Neo Kaolana', 16000, 5, '2022-01-24 08:28:01'),
('1901O0175', 'Sanmag Suspensi syr', 'Botol', 'Botol 120 mL', 'sanmag', 32000, 7, '2022-01-24 08:28:01'),
('1901O0176', 'Ambroxol 30 mg Tab', 'Strip', 'Dus 10 Strip', 'ambroxol', 2500, 2, '2022-01-19 04:58:05'),
('1901O0177', 'Antasida Doen Tab', 'Strip', 'Dus 10 Strip', 'antasida', 2500, 2, '2022-01-19 04:58:05'),
('1901O0178', 'Cotrimoxazole Adult Tab', 'Strip', 'Dus 10 Strip', 'Cotri', 3500, 1, '2022-01-19 04:58:05'),
('1901O0179', 'Cotrimoxazole Suspensi', 'Botol', 'Botol 60 ml', 'cotri', 8000, 5, '2022-01-19 04:58:05'),
('1901O0180', 'Salbutamol 2 mg Tab', 'Strip', 'Dus 10 Strip', 'salbutamol', 2000, 1, '2022-01-19 04:58:05'),
('1901O0181', 'Salicyl Fresh 60 g', 'Botol', 'Botol 60 gr', 'Kf', 16000, 5, '2022-01-19 04:58:05'),
('1901O0182', 'Amoxicillin syr 250 mg', 'Botol', 'Botol 60 ml', 'Amoxicillin', 16000, 5, '2022-01-19 04:58:05'),
('1901O0183', 'Fresh Air Surgical Mask Ear Loop', 'pcs', 'Dus 50 Pcs', 'Masker', 2500, 10, '2022-01-19 04:58:05'),
('1901O0184', 'Atorvastatin 10 mg Tab', 'Strip', 'Dus 3 Strip', 'atorvastatin', 22000, 1, '2022-01-19 05:33:39'),
('1901O0185', 'Bioplacenton Jelly', 'tube', 'Tube 15 g', 'bioplacenton', 25000, 2, '2022-01-19 05:33:39'),
('1901O0186', 'Cefixime Kapsul 100 mg', 'Strip', 'Dus 5 Strip', 'Cefixime', 10000, 1, '2022-01-19 05:33:39'),
('1901O0187', 'Cefixime Syr 100 mg', 'Botol', 'Botol 30 ml', 'cefixime', 23000, 3, '2022-01-19 05:33:39'),
('1901O0188', 'Loratadine 10 mg', 'Strip', 'Dus 5 Strip', 'loratadine', 3000, 1, '2022-01-19 05:33:39'),
('1901O0189', 'Meloxicam 15 mg', 'Strip', 'Dus 5 strip', 'Meloxicam', 8000, 1, '2022-01-19 05:33:39'),
('1901O0190', 'Meloxicam 7,5 mg', 'Strip', 'Dus 5 Strip', 'Meloxicam', 5000, 1, '2022-01-19 05:33:39'),
('1901O0191', 'Simvastatin Tab 10 mg', 'Strip', 'Dus 10 Strip', 'simvastatin', 3000, 1, '2022-01-19 05:33:39'),
('1901O0192', 'Vicee Jeruk Tab', 'Strip', 'Dus 100 Tab', 'Vicee', 750, 1, '2022-01-19 05:33:39'),
('1901O0193', 'Voltaren Gel 10 g', 'Tube', 'Tube 10 g', 'voltaren', 53000, 1, '2022-01-19 05:33:39'),
('1901O0194', 'Ambroxol syr', 'Botol', 'Botol 60 ml', 'ambroxol', 6000, 5, '2022-01-19 04:58:05'),
('1901O0195', 'Duckbill anak (cewek)', 'pcs', 'pcs', 'duckbill', 4000, 10, '2022-01-19 06:20:40'),
('1901O0196', 'Duckbill anak (cowok)', 'pcs', 'pcs', 'duckbill', 4000, 10, '2022-01-19 06:20:40'),
('1901O0197', 'KN95 Cewek', 'pcs', 'pcs', 'KN95', 8000, 10, '2022-01-19 06:20:40'),
('1901O0198', 'KN95 Cowok', 'pcs', 'pcs', 'KN95', 8000, 10, '2022-01-19 06:20:40'),
('1901O0199', 'Face Shield  Kacamata Anak-anak cewek', 'pcs', 'pcs', 'face shield', 10000, 5, '2022-01-19 06:20:40'),
('1901O0200', 'Face shield akrilik pelindung', 'pcs', 'pcs', 'face shield', 50000, 1, '2022-01-19 06:20:40'),
('1901O0201', 'Face shield kacamata Anak-anak cowok', 'pcs', 'pcs', 'face shield', 10000, 5, '2022-01-19 06:20:40'),
('1901O0202', 'Premiere beaute Dispo Face Mask Hijab ( Blue)', 'pcs', 'pcs', 'premiere', 1500, 50, '2022-01-19 06:20:40'),
('1901O0203', 'Premiere beaute Dispo Face Mask Earloop (blue)', 'pcs', 'pcs', 'primiere', 1500, 50, '2022-01-19 06:20:40'),
('1901O0204', 'Premiere  Dispo Face Mask Earloop (Blue)', 'pcs', 'pcs', 'Premiere  Dispo Face Mask Earloop (Blue)', 1500, 50, '2022-01-19 06:20:40'),
('1901O0205', 'Premiere  Dispo Face Mask hijab (Blue)', 'pcs', 'pcs', 'Premiere  Dispo Face Mask hijab (Blue)', 1500, 50, '2022-01-19 06:20:40'),
('1901O0206', 'EVO White', 'pcs', 'pcs', 'EV whitw', 10000, 10, '2022-01-19 06:20:40'),
('1901O0207', 'Minyak Tawon FF', 'Botol', 'Botol 90 ml', 'Minyak Tawon FF', 67000, 14, '2022-01-21 13:01:24'),
('1901O0208', 'Minyak Tawon EE', 'Botol', 'Botol 60 ml', 'Minyak Tawon EE', 47000, 14, '2022-01-21 13:01:24'),
('1901O0209', 'Herocyn Baby (L)', 'Botol', 'Botol 200 g', 'Herocyn Baby (L)', 13500, 1, '2022-01-22 13:43:11'),
('1901O0210', 'Herocyn Baby (S)', 'Botol', 'Botol 100g', 'Herocyn Baby (S)', 9000, 2, '2022-01-19 06:10:04'),
('1901O0211', 'Herocyn Mini 50g', 'Botol', 'Botol 50g', 'Herocyn Mini 50g', 9000, 5, '2022-01-24 13:13:49'),
('1901O0212', 'Neozep Forte tab', 'cathc', 'Dus 25 Cathc', 'Neozep Forte tab', 2500, 1, '2022-01-19 14:43:35'),
('1901O0213', 'OBHC Batuk Flu anak Strawberry', 'Botol', 'Botol 60 ml', 'OBHC Batuk Flu anak Strawberry', 14000, 3, '2022-01-19 14:43:35'),
('1901O0214', 'Panadol Cold & Flu', 'strip', 'Box 10 strip', 'Panadol Cold & Flu', 14000, 1, '2022-01-19 14:43:35'),
('1901O0215', 'Paratusin Syr', 'Botol', 'Botol 60 ml', 'Paratusin Syr', 33000, 3, '2022-01-19 14:43:35'),
('1901O0216', 'Paratusin Tab', 'Strip', 'Box 20 strip', 'Paratusin Tab', 14000, 1, '2022-01-19 14:43:35'),
('1901O0217', 'Pimtrakol Cherry Syr', 'Botol', 'Botol 60 ml', 'Pimtrakol Cherry Syr', 14000, 5, '2022-01-19 14:43:35'),
('1901O0218', 'Pimtrakol Plus Syr Lemon', 'Botol', 'Botol 60 ml', 'Pimtrakol Plus Syr Lemon', 14000, 5, '2022-01-19 14:43:35'),
('1901O0219', 'Alpara Kaplet', 'Strip', 'Box 15 strip', 'Alpara Kaplet', 9000, 3, '2022-01-19 14:43:35'),
('1901O0220', 'Woods Cough Syr ATT 60 mL', 'Botol', 'Botol 60 ml', 'Woods Cough Syr ATT 60 mL', 20000, 5, '2022-01-19 14:49:00'),
('1901O0221', 'Vicks Formula 44 anak 54 mL', 'Botol', 'Botol 54 ml', 'Vicks Formula 44 anak 54 mL', 17000, 3, '2022-01-19 14:49:00'),
('1901O0222', 'Vicks Formula 44 dewasa 27 mL', 'Botol', 'Botol 27 ml', 'Vicks Formula 44 dewasa 27 mL', 9000, 5, '2022-01-19 14:49:00'),
('1901O0223', 'Dexamethasone 0,5 mg', 'Strip', 'Dus 20 Strip', 'Dexamethasone 0,5 mg', 3000, 60, '2022-01-21 13:01:24'),
('1901O0224', 'Fitkom Grape 21', 'Tab', 'Botol 60 Tab', 'Fitkom Grape 21', 14000, 5, '2022-01-21 13:01:24'),
('1901O0225', 'Fitkom jeruk 21', 'Tab', 'Botol 60 Tab', 'Fitkom jeruk 21', 14000, 5, '2022-01-21 13:01:24'),
('1901O0226', 'Fitkom Strawberry', 'Tab', 'Botol 60 Tab', 'Fitkom Strawberry', 14000, 5, '2022-01-21 13:01:24'),
('1901O0227', 'Fresh Care Cytrus 10 mL', 'Botol', 'Botol 10 ml', 'Fresh Care Cytrus 10 mL', 14000, 12, '2022-01-21 13:01:24'),
('1901O0228', 'Fresh Care Green Tea 10 mL', 'Botol', 'Botol 10 ml', 'Fresh Care Green Tea 10 mL', 14000, 12, '2022-01-21 13:01:24'),
('1901O0229', 'Fresh Care Lavender 10 mL', 'Botol', 'Botol 10 ml', 'Fresh Care Lavender 10 mL', 14000, 12, '2022-01-21 13:01:24'),
('1901O0230', 'Fresh Care Minyak Angin Kayu Putih', 'Botol ', 'Botol 10 ml', 'Fresh Care Minyak Angin Kayu Putih', 14000, 6, '2022-01-21 13:01:24'),
('1901O0231', 'Fresh Care MMA', 'Botol', 'Botol 10 ml', 'Fresh Care MMA', 14000, 12, '2022-01-21 13:01:24'),
('1901O0232', 'Gandapura 30 mL', 'Botol', 'Botol 30 ml', 'Gandapura', 8000, 3, '2022-01-24 13:44:22'),
('1901O0233', 'Grafazol 500', 'Strip', 'Box 10 strip', 'Gandapura', 5000, 10, '2022-01-21 13:01:24'),
('1901O0234', 'Hansaplast Pol 1,25 x 1 m', 'Rol', 'Box 20 Rol', 'Hansaplast Pol 1,25 x 1 m', 4000, 20, '2022-01-21 13:01:24'),
('1901O0235', 'Hansaplast Strip', 'Strip', 'Box 100 Strip', 'Hansaplast Strip', 500, 100, '2022-01-21 13:01:24'),
('1901O0236', 'Insto Eye Drops', 'Botol', 'Botol 7,5 mL', 'Insto Eye Drops', 14000, 7, '2022-01-26 03:49:56'),
('1901O0237', 'Laxing Caps', 'Blister', 'Box 25 Blister', 'Laxing Caps', 4000, 50, '2022-01-21 13:01:24'),
('1901O0238', 'Lelap Kaplet', 'Tab', 'Box 25 Strip', 'Lelap Kaplet', 13000, 25, '2022-01-21 13:01:24'),
('1901O0239', 'Magic Power Merah', 'dus', 'Pack 10 Dus', 'Magic Power Merah', 15000, 30, '2022-01-21 13:01:24'),
('1901O0240', 'Magic Power Hitam', 'dus', 'Pack 10 dus', 'Magic Power Hitam', 15000, 30, '2022-01-21 13:01:24'),
('1901O0241', 'Neo Rheumacyl Tab', 'tab', 'Strip ', 'Neo Rheumacyl Tab', 9000, 12, '2022-01-21 13:01:24'),
('1901O0242', 'Neo Ultrasiline Cream', 'Tube', 'Box 12 Tube', 'Neo Ultrasiline Cream', 10000, 12, '2022-01-21 13:01:24'),
('1901O0243', 'Neuralgin Rx Tab', 'Strip', 'Box 10 Blister', 'Neuralgin Rx Tab', 9000, 10, '2022-01-21 13:01:24'),
('1901O0244', 'Ponstan 500 mg', 'strip', 'Box 10 Blister', 'Ponstan 500 mg', 32000, 10, '2022-01-21 13:01:24'),
('1901O0245', 'Rohto Cool 7 mL', 'Botol', 'Botol 7 mL', 'Rohto Cool 7 mL', 17000, 3, '2022-01-21 13:01:24'),
('1901O0246', 'Rohto Obat Mata', 'Botol', 'Botol 7 ml', 'Rohto Obat Mata', 13000, 3, '2022-01-21 13:01:24'),
('1901O0247', 'Peditox Liquid', 'Botol', 'Botol 50 ml', 'Peditox Liquid', 9000, 2, '2022-01-21 13:01:24'),
('1901O0248', 'Plossa Eucalyptus (Hijau)', 'pcs', 'pcs', 'Plossa Eucalyptus (Hijau)', 13000, 0, '2022-01-19 14:02:03'),
('1901O0249', 'Plossa Red Hot (Merah)', 'pcs', 'pcs', 'Plossa Red Hot (Merah)', 13000, 5, '2022-01-21 13:01:24'),
('1901O0250', 'Polident Adhesive 60 gr', 'tube', 'Tube 60 gr', 'Polident Adhesive 60 gr', 79000, 2, '2022-01-21 13:01:24'),
('1901O0251', 'Polysilane Suspensi', 'Botol', 'Botol 100 ml', 'Polysilane Suspensi', 25000, 3, '2022-01-21 13:01:24'),
('1901O0252', 'Promag Tab 30 Strip', 'Strip', 'Pack 4 box @3', 'Promag Tab 30 Strip', 8000, 12, '2022-01-21 13:01:24'),
('1901O0253', 'Puyer 1g', 'Sachet', 'Box 10 x 10', 'Puyer 1g', 7000, 100, '2022-01-21 13:01:24'),
('1901O0254', 'Redoxon effervescent zinc', 'tube', 'Tube', 'Redoxon effervescent zinc', 43000, 3, '2022-01-21 13:01:24'),
('1901O0255', 'Sakatonik ABC Grape', 'Tab', 'Botol 30 tab', 'Sakatonik ABC Grape', 16000, 2, '2022-01-21 13:01:24'),
('1901O0256', 'Sakatonik ABC Orange', 'Tab', 'Botol 30 tab', 'Sakatonik ABC Orange', 16000, 2, '2022-01-21 13:01:24'),
('1901O0257', 'Sakatonik ABC Strawberry', 'Tab', 'Botol 30 tab', 'Sakatonik ABC Strawberry', 16000, 2, '2022-01-21 13:01:24'),
('1901O0258', 'Salonpas koyo', 'pcs', 'box 10', 'Salonpas koyo', 8000, 20, '2022-01-21 13:01:24'),
('1901O0259', 'Salonpas Hot koyo', 'pcs', 'Box 10 ', 'Shimizu', 8000, 20, '2022-01-22 13:59:19'),
('1901O0260', 'Sensitive', 'pcs', 'Strip', 'Sensitive', 23000, 25, '2022-01-21 13:01:24'),
('1901O0261', 'Siladex M & E', 'Botol', 'Botol 60 ml', 'Siladex M & E', 14000, 5, '2022-01-21 13:01:24'),
('1901O0262', 'Super Tetra Soft Caps', 'Botol', 'Box 20 strip @6', 'Super Tetra Soft Caps', 9000, 20, '2022-01-21 13:01:24'),
('1901O0263', 'Tempra syr', 'Botol', 'Botol 60 ml', 'Tempra syr', 47000, 3, '2022-01-21 13:01:24'),
('1901O0264', 'Termorex 30 ml', 'Botol', 'Botol 30 ml', 'Termorex 30 ml', 10000, 5, '2022-01-21 13:01:24'),
('1901O0265', 'Minyak Tawon GG 350 mL', 'Botol', 'Botol 350 ml', 'Minyak Tawon GG ', 230000, 5, '2022-01-24 13:37:06'),
('2001O0266', 'Domperidon Tab', 'Strip', 'Dus 10 Strip', 'Btr', 4000, 10, '2022-01-24 13:17:10'),
('2001O0267', 'Hansaplast Strip Jumbo', 'Strip', 'box 50 Lembar', 'Hansaplast', 750, 50, '2022-01-21 13:01:24'),
('2001O0268', 'Im Boost Force Kid Syr', 'Botol', 'Botol 60 ml', 'Kf', 73000, 5, '2022-01-24 13:37:06'),
('2001O0269', 'Im Boost Kid Syr', 'Botol', 'Botol 60 ml', 'Kf', 40000, 4, '2022-01-24 13:37:06'),
('2001O0270', 'Kanna Krim Lembut', 'tube', 'tube 30 g', 'Kanna', 19000, 3, '2022-01-21 13:01:24'),
('2001O0271', 'Kanna White 15gr', 'tube', 'tube 30gr', 'Kanna', 11000, 3, '2022-01-21 13:01:24'),
('2001O0272', 'Kondom Fiesta Banana', 'dus', 'dus @3', 'Kondom fiesta', 12000, 2, '2022-01-21 13:01:24'),
('2001O0273', 'Kondom Fiesta buble gum', 'dus', 'dus @3', 'Kondom', 12000, 2, '2022-01-21 13:01:24'),
('2001O0274', 'Kondom Fiesta Delay', 'dus', 'dus @3', 'Kondom', 13000, 2, '2022-01-21 13:01:24'),
('2001O0275', 'Kondom Fiesta Grape', 'dus', 'Dus @3', 'Kondom Fiesta', 12000, 2, '2022-01-21 13:01:24'),
('2001O0276', 'Kondom Fiesta Strawberry', 'dus', 'Dus @3', 'Kondom Fiesta', 12000, 2, '2022-01-21 13:01:24'),
('2001O0277', 'Krim 88 Anti Jamur', 'tube', 'tube 5gr', 'Krim 88', 21000, 3, '2022-01-21 13:01:24'),
('2001O0278', 'Listerin Cool Mint 100 mL', 'Botol', 'Botol 100 ml', 'Listerin Cool Mint', 9000, 3, '2022-01-21 13:01:24'),
('2001O0279', 'Listerin Cool Mint 250 mL', 'Botol', 'Botol 250 ml', 'Listerin Cool Mint', 23000, 3, '2022-01-21 13:01:24'),
('2001O0280', 'Minyak Angin Kapak 28 mL', 'Botol', 'Botol 28 ml', 'Minyak Angin Kapak', 39000, 3, '2022-01-21 13:01:24'),
('2001O0281', 'Minyak Angin Kapak 3 ml', 'Botol', 'Botol 3ml', 'Minyak Angin Kapak', 7000, 3, '2022-01-21 13:01:24'),
('2001O0282', 'Minyak Angin Kapak 5ml', 'Botol', 'Botol 5 ml', 'Minyak Angin Kapak', 11000, 3, '2022-01-21 13:01:24'),
('2001O0283', 'Microlax Tube', 'tube', 'Tube ', 'microlax', 24000, 5, '2022-01-21 13:01:24'),
('2001O0284', 'Neo Entrostop', 'Strip', 'pack 6 dus', 'Neo Entrostop', 8000, 6, '2022-01-21 13:01:24'),
('2001O0285', 'Omepros', 'Botol', 'Botol isi 30', 'Omepros', 146000, 2, '2022-01-21 13:01:24'),
('2001O0286', 'One Med Test Kehamilan', 'pcs', 'Box 50 pcs', 'One Med', 3000, 50, '2022-01-21 13:01:24'),
('2001O0287', 'Panadol Kaplet', 'Strip', 'Box 10 strip', 'Panadol', 11000, 20, '2022-01-21 13:01:24'),
('2001O0288', 'Panadol Extra', 'Strip', 'Box 10 strip', 'Panadol Extra', 12000, 10, '2022-01-21 13:01:24'),
('2001O0289', 'Proris Forte Syr', 'Botol', 'botol 50 ml', 'Proris', 35000, 3, '2022-01-21 13:01:24'),
('2001O0290', 'Termorex Plus 30 ml', 'Botol', 'botol 30 ml', 'Termorex', 10000, 0, '2022-01-20 04:23:39'),
('2001O0291', 'Adem Sari 12x5 Sach', 'Sachet', 'box 5 Sachet', 'Adem Sari', 15000, 2, '2022-01-21 13:01:24'),
('2001O0292', 'Ambeven New', 'Strip', 'Box 10 strip', 'Ambeven New', 17000, 30, '2022-01-21 13:01:24'),
('2001O0293', 'AnaKonidin 60 ml', 'Botol', 'Botol 60 ml', 'AnaKonidin 60ml', 13000, 7, '2022-01-24 13:32:57'),
('2001O0294', 'Andalan O.C', 'dus', 'box 15 dus', 'Andalan O.C', 15000, 20, '2022-01-21 13:01:24'),
('2001O0295', 'Fresh Care Press & Relax', 'Botol', 'Botol 10 ml', 'Fresh Care Press & Relax', 14000, 12, '2022-01-21 13:26:44'),
('2001O0296', 'Fresh Care Spalsh Fruity', 'Botol', 'Botol 10 ml', 'Fresh Care', 14000, 12, '2022-01-21 13:26:44'),
('2001O0297', 'Fe Traches', 'Strip', 'Box 12 Strip', 'Fe Traches', 15000, 12, '2022-01-21 13:26:44'),
('2001O0298', 'Feminax', 'Strip', 'Box 25 Strip @4', 'Feminax', 3000, 25, '2022-01-21 13:26:44'),
('2001O0299', 'Entrostop Herbal Anak', 'box', 'Dus 6 box', 'Entrostop ', 13000, 3, '2022-01-21 13:26:44'),
('2001O0300', 'Durex Strawberry', 'dus', 'Box 3 pcs', 'Durex', 21000, 2, '2022-01-21 13:26:44'),
('2001O0301', 'Durex Extra safe', 'dus', 'Box 3 pcs', 'Durex', 21000, 2, '2022-01-21 13:26:44'),
('2001O0302', 'Durex Comfort', 'dus', 'Box 3 pcs', 'Durex', 18000, 2, '2022-01-21 13:26:44'),
('2001O0303', 'Diapet Syr Anak', 'Botol', 'Botol 60 ml', 'Diapet Syr Anak', 12000, 2, '2022-01-21 13:26:44'),
('2001O0304', 'Diapet Tab', 'Strip', 'box 12 strip', 'Diapet', 5000, 12, '2022-01-21 13:26:44'),
('2001O0305', 'Daktarin Cream 5g', 'tube', 'tube 5gr', 'Daktarin Cream 5g', 27000, 3, '2022-01-21 13:26:44'),
('2001O0306', 'Cerebrofort Gold Orange', 'Botol', 'Botol 100 ml', 'Cerebrofort Gold Orange', 20000, 2, '2022-01-21 13:26:44'),
('2001O0307', 'Cerebrofort Gold Strawberry', 'Botol', 'Botol 100 ml', 'Cerebrofort Gold', 20000, 2, '2022-01-21 13:26:44'),
('2001O0308', 'Callusol 10 ml', 'Botol', 'Botol 10 ml', 'Callusol 10 ml', 33000, 2, '2022-01-21 13:26:44'),
('2001O0309', 'Caladin Lotion', 'Botol', 'Botol 60 ml', 'Caladin Lotion', 17000, 3, '2022-01-21 13:26:44'),
('2001O0310', 'Bye - Bye Fever For Children', 'pcs', 'box 5 pcs', 'Bye - Bye Fever', 11000, 10, '2022-01-21 13:26:44'),
('2001O0311', 'Bye - Bye Fever For Babies', 'pcs', 'box 10 pcs', 'Bye - Bye Fever', 8000, 20, '2022-01-21 13:26:44'),
('2001O0312', ' Bronksis Syr', 'Botol', 'Botol 60 ml', 'Bronksis', 9000, 5, '2022-01-21 13:26:44'),
('2001O0313', 'Bodrex Migra Tab', 'Strip', 'Box 25 Strip', 'Bodrex', 2500, 50, '2022-01-21 13:26:44'),
('2001O0314', 'Biolysin Syr', 'Botol', 'Botol 60 ml', 'Biolysin Syr', 14000, 5, '2022-01-21 13:26:44'),
('2001O0315', 'Betadine Solution 30 mL', 'Botol', 'botol 30 ml', 'Betadine Solution 30 mL', 26000, 3, '2022-01-21 13:26:44'),
('2001O0316', 'Betadine Plester Elastic Fabric', 'amplop', 'amplop', 'Betadine Plester Elastic Fabric', 5000, 3, '2022-01-21 13:26:44'),
('2001O0317', 'Batugin Elixir 300 ml', 'Botol', 'botol 300 ml', 'Batugin Elixir 300 ml', 51000, 3, '2022-01-21 13:26:44'),
('2001O0318', 'Baby Cough Syr', 'Botol', 'Botol 60 ml', 'Baby Cough Syr', 6000, 10, '2022-01-21 13:26:44'),
('2001O0319', 'Lodia Tab 2mg', 'Strip', 'Box 10 strip', 'Lodia Tab 2mg', 8000, 30, '2022-01-24 08:28:01'),
('2101O0320', 'Prednison Tab', 'Strip', 'Box 10 strip', 'holi', 2000, 10, '2022-01-21 13:01:24'),
('2101O0322', 'Curcuma FCT', 'Strip', 'Box 10 strip', 'Curcuma FCT', 14000, 20, '2022-01-21 13:01:24'),
('2301O0323', 'Infus Set Dewasa (Aximed)', 'Pcs', 'Pcs', 'Aximed', 12000, 7, '2022-01-23 13:54:51'),
('2301O0324', 'Ringer Laktat Infus 500 ml (MJB)', 'Botol', 'Botol 500 ml', 'MJB', 14000, 0, '2022-01-23 13:48:28'),
('2301O0325', 'NaCl 0,9 % Infus (KF)', 'Botol', 'Botol 500 ml', 'Kimia Farma', 14000, 0, '2022-01-23 13:49:06'),
('2301O0326', 'Suntikan KB Andalan 1 Bulan', 'Vial', 'Dus 20 Vial', 'Andalan', 10000, 0, '2022-01-23 13:50:50'),
('2312O0053', 'Inza Kaplet', 'Strip', 'Dus 25 Strip', 'Konimex', 3000, 25, '2021-12-23 11:22:14'),
('2312O0054', 'Termorex Plus 60 ml', 'Botol 60 ml', 'Botol', 'Konimex', 17, 3, '2021-12-23 11:22:14'),
('2312O0055', 'Protecal Defense Effervescent', 'Tube', 'Tube', 'Konimex', 38000, 1, '2021-12-23 12:06:37'),
('2312O0056', 'Protecal Solid Effervescent ', 'Tube', 'Tube', 'Konimex', 37000, 1, '2021-12-23 12:06:46'),
('2312O0057', 'Protecal Osteo Effervescent', 'Tube', 'Tube', 'Konimex', 40000, 1, '2021-12-23 12:06:54'),
('2312O0058', 'Renovit Botol', 'Botol', 'Botol', 'Konimex', 86, 3, '2022-01-26 04:19:47'),
('2312O0059', 'Renovit Strip (New)', 'Strip', 'Dus 25 Strip', 'Konimex', 12000, 75, '2022-01-26 04:19:47'),
('2312O0060', 'Cooling 5 Spray', 'Botol 15 ml', 'Botol', 'Pharos', 39000, 2, '2022-01-08 13:35:00'),
('2312O0061', 'Medi-Klin Gel', 'Tube 15 gram', 'Tube', 'SDM', 30000, 1, '2021-12-23 13:02:23'),
('2312O0062', 'Omeprazole Kaps (Novell)', 'Strip', 'Dus 3 Strip', 'Novell', 5000, 4, '2022-01-19 05:33:39'),
('2312O0063', 'Medi-Klin TR gel', 'Tube', 'Dus', 'SDM', 53000, 1, '2021-12-23 13:02:23'),
('2312O0064', 'Cetirizine 10 mg (NV)', 'Strip', 'Dus 5 Strip', 'Novell', 5000, 6, '2022-01-19 05:33:39'),
('2312O0065', 'Albothyl Concentrate 5 ml', 'Botol 5 ml', 'Botol', 'Pharos', 31000, 1, '2021-12-23 13:02:23'),
('2312O0066', 'PD Spoit 1 ml', 'Pcs', 'Pcs', 'PD', 2000, 1, '2021-12-23 13:02:23'),
('2312O0067', 'PD Spoit 3 ml', 'Pcs', 'Pcs', 'PD', 2000, 1, '2021-12-23 13:02:23'),
('2312O0068', 'Amlodipin Tablet 5 mg (NV)', 'Strip', 'Dus 3 Strip', 'Novell', 5000, 3, '2021-12-23 13:02:23'),
('2312O0069', 'Ketokonazole Krim 2 %', 'Tube', 'Dus', 'Novell', 13000, 1, '2021-12-23 13:02:23'),
('2312O0070', 'Forhead Thermometer MC 720', 'Pc', 'Dus', 'Omron', 700000, 10, '2021-12-23 13:02:23'),
('2312O0071', 'Antis Hand Rub Plus 500 ml', 'Botol 500 ml', 'Botol', 'Antis', 52000, 80, '2021-12-23 13:02:23'),
('2401O0327', 'Betametason 0,1% Cream', 'tube', 'tube', 'Betametason 0,1% Cream', 3000, 25, '2022-01-24 09:02:01'),
('2401O0328', 'Calcium lactate 500 mg tab', 'Strip', 'Dus 10 Strip', 'mersi', 2000, 10, '2022-01-24 09:02:01'),
('2401O0329', 'Gentamicin 0,1%', 'tube', 'Tube', 'Gentamicin 0,1%', 3500, 10, '2022-01-24 09:02:01'),
('2401O0330', 'Glibenclamid', 'Strip', 'Dus 10 Strip', 'Pharos', 2000, 20, '2022-01-24 09:02:01'),
('2401O0331', 'hydrocortison 2,5% Cream', 'tube', 'Tube', 'hydrocortison ', 5000, 24, '2022-01-24 09:02:01'),
('2401O0332', 'Ketoconazole 200 mg Tab', 'Strip', 'dus 5 strip', 'Ketoconazole', 8000, 10, '2022-01-24 09:02:01'),
('2401O0333', 'metronidazole 500 mg Tab', 'Strip', 'Dus 10 Strip', 'metronidazole', 4000, 20, '2022-01-24 09:02:01'),
('2401O0334', 'Medika Alkohol 70% 100ml', 'Botol', 'Botol 100 ml', 'Medika Alkohol', 7000, 3, '2022-01-24 09:02:01'),
('2401O0335', 'Medika Rivanol 100ml', 'Botol', 'Botol 100 ml', 'Medika Rivanol', 5000, 3, '2022-01-24 09:02:01'),
('2401O0336', 'Oxytetracyclin 3% SK', 'tube', 'Tube', '0xytetracyclin 3%', 3000, 3, '2022-01-24 09:02:01'),
('2401O0337', 'Piroxicam 10mg', 'Strip', 'Dus 10 Strip', 'Piroxicam 10mg', 3000, 10, '2022-01-24 09:02:01'),
('2401O0338', 'Zink Dispersibel', 'Strip', 'Dus 10 Strip', 'Zink Dispersibel', 6000, 10, '2022-01-24 09:02:01'),
('2401O0339', 'Vicee Orange Tab', 'Strip', 'Box 100 Strip', 'Vicee Orange Tab', 1000, 100, '2022-01-24 13:11:10'),
('2401O0340', 'Tolak Angin Cair', 'Sachet', 'Box 12 Sachet', 'Tolak Angin Cair', 4000, 24, '2022-01-24 13:11:10'),
('2401O0341', 'Domperidone Suspensi 60ml', 'Botol', 'Botol 60 ml', 'Domperidone Suspensi 60ml', 6000, 3, '2022-01-24 13:17:10'),
('2401O0342', 'Hufagrip Pilek syr', 'Botol', 'Botol 60 ml', 'Hufagrip Pilek syr', 17000, 4, '2022-01-24 13:22:53'),
('2401O0343', 'Neo Napacin ', 'Strip', 'Box 50 Strip ', 'Neo Napacin ', 3000, 50, '2022-01-24 13:29:47'),
('2401O0344', 'Paramex Flu dan Batuk New', 'Strip', 'Box 25 Strip', 'Paramex Flu dan Batuk New', 3000, 25, '2022-01-24 13:29:47'),
('2401O0345', 'Vicee Strawberry Tab', 'Strip', 'Box 50 Strip', 'Vicee Strawberry Tab', 1000, 100, '2022-01-24 13:51:56'),
('2401O0346', 'Inhaler Lang', 'pcs', 'pcs', 'Inhaler Lang', 8000, 20, '2022-01-24 13:55:00'),
('2401O0347', 'OBHC Batuk Flu Jahe', 'Botol', 'Botol 60 ml', 'OBHC Batuk Flu Jahe', 13000, 3, '2022-01-24 14:01:33'),
('2401O0348', 'OBHC Batuk Flu Menthol', 'Botol', 'Botol 60 ml', 'OBHC Batuk Flu Menthol', 13000, 3, '2022-01-24 14:01:33'),
('2401O0349', 'OBHC Batuk Flu Madu', 'Botol', 'Botol 100 ml', 'OBHC Batuk Flu Madu', 18000, 2, '2022-01-24 14:01:33'),
('2411O0048', 'Minyak Kayu Putih 60 ml', 'Botol 60 ml', 'Botol', 'Cap Lang', 22000, 26, '2022-01-26 04:03:33'),
('2411O0049', 'Minyak Tawon DD', 'Botol 30 mL', 'Botol', 'Tawon Jaya', 30000, 32, '2022-01-21 13:01:24'),
('2411O0050', 'Minyak Tawon CC', 'Botol 20 ml', 'Botol', 'Tawon Jaya', 23000, 8, '2022-01-19 06:10:04'),
('2411O0051', 'Balsem Otot Geliga 20 g', 'Pot 20 g', 'Pot', 'Eagle Indofarma', 10000, 5, '2022-01-01 09:48:01'),
('2411O0052', 'Balsem Lang', 'Pot 20 g', 'Pot', 'Eagle Indofarma', 10000, 2, '2021-11-24 11:54:19'),
('2512O0072', 'Vicks Vaporub 25 gr', 'Pot 25 gr', 'Pot 25 gr', 'Vicks', 20000, 5, '2022-01-19 05:33:39'),
('2512O0073', 'Vicks Vaporub 10 gr', 'Pot 10 gr', 'Pot', 'Vicks', 9000, 12, '2022-01-26 03:49:56'),
('2512O0074', 'Enervon C Tab', 'Strip', 'Dus 25 Strip', 'Darya Varia', 6000, 27, '2022-01-21 13:01:24'),
('2601O0350', 'Insto Moist 7,5 ml', 'Botol', 'Botol 7,5 ml', 'Insto Moist 7,5 ml', 14000, 3, '2022-01-26 03:49:56'),
('2612O0075', 'Salep 88', 'Pot', 'Pot', 'Meccaya', 12000, 12, '2021-12-26 12:31:45'),
('3112O0077', 'Bodrex Flu dan Batuk PE', 'Strip', 'Dus 25 Strip', 'Tempo', 2500, 102, '2022-01-20 03:48:24'),
('3112O0078', 'Bodrex Extra', 'Strip', 'Dus 25 Strip', 'Tempo', 2500, 125, '2022-01-22 13:42:11'),
('3112O0079', 'IPI Vitamin C', 'Botol', 'Botol 45 Tab', 'Tempo', 6000, 2, '2021-12-30 21:20:19'),
('3112O0080', 'Eyefresh 0,6 ml MD', 'Mini Dose', 'Mini Dose', 'Cendo', 6000, 10, '2021-12-31 11:16:06'),
('3112O0081', 'Cendo Xitrol 0,6 ml MD', 'Mini Dose', 'Mini Dose', 'Cendo', 7000, 10, '2021-12-31 11:16:06'),
('3112O0082', 'Cendo Posop 0,6 ml', 'Mini Dose', 'Mini Dose', 'Cendo', 14000, 60, '2022-01-07 13:57:34'),
('3112O0083', 'Mometasone Furoate Krim 5 g', 'Tube', 'Tube', 'Nulab', 17000, 3, '2021-12-31 11:16:06'),
('3112O0084', 'Acetylcystein 200 mg', 'Strip', 'Dus 10 Strip', 'Nulab', 13000, 10, '2021-12-31 11:16:06'),
('3112O0085', 'Komix Jahe G Formula', 'Sachet', 'Sachet', 'Kalbe', 2000, 61, '2022-01-20 03:52:57'),
('3112O0086', 'Komix Jeruk Nipis', 'Sachet', 'Sachet', 'Kalbe', 2000, 61, '2022-01-20 03:52:57'),
('3112O0087', 'Grantusif Tablet', 'Strip', 'Dus 10 Strip', 'Graha Farma', 5000, 10, '2022-01-01 08:46:34'),
('3112O0088', 'Pi Kang Suang Krim 5 g', 'Tube', 'Tube', 'Pi Kang', 13000, 20, '2022-01-21 13:01:24'),
('3112O0089', 'CDR Effervecent', 'Tube', 'Tube', 'Bayer', 47000, 12, '2022-01-21 13:26:44'),
('3112O0090', 'Kalpanax K Cream 5 g', 'Tube', 'Tube', 'Kalbe', 15000, 5, '2022-01-21 13:01:24'),
('3112O0091', 'Sangobion Tab 250', 'Strip', 'Dus 25 Strip', 'Merck', 17000, 25, '2022-01-01 08:52:36');

-- --------------------------------------------------------

--
-- Table structure for table `supplier`
--

CREATE TABLE `supplier` (
  `id_suplier` int(11) NOT NULL,
  `nama_supplier` varchar(50) NOT NULL,
  `hp` varchar(100) NOT NULL,
  `alamat` varchar(100) NOT NULL
) ENGINE=InnoDB DEFAULT CHARSET=utf8mb4;

--
-- Dumping data for table `supplier`
--

INSERT INTO `supplier` (`id_suplier`, `nama_supplier`, `hp`, `alamat`) VALUES
(12, 'PT. Antarmitra Sembada', '085', 'Jl. Tumanurung No. 3B RT 02/RW 05 Makassar'),
(13, 'PT. Matakar Kendari', '0401-3129976', 'Jl. Supu Yusuf'),
(14, 'PT. Tempo', '08001509999', 'Jl. Pattimura No. 88 Kendari'),
(15, 'PT. Penta Valent', '081343857603', 'Jl. MTQ Kendari\r\n'),
(16, 'PT. Butora', '082195307467', 'Jl. Pintu Selatan II No. 99 Kolaka\r\n'),
(17, 'PT. Niaga Mitra Maju', '085342173000', 'Lalomba'),
(18, 'PT. Marga Nusantara Jaya', '4603146', 'Jl. Pahlawan No. 1'),
(19, 'PT. Anugrah Pharmindo Lestari', '085', 'Makassar'),
(20, 'PT. Distributor Farmasi Kendari', '081340013103', 'Jl. Banawula Sinapoy No. 168 Kendari'),
(21, 'PT. Kimia Farma TD', '0401-3193918', 'Jl. Belimbing  No. Kel Anduonohu'),
(22, 'PT. Bina San Prima', '0411-4730510', 'Komp. Pergudangan dan Industri Parangloe Indah Blok L1 No. 2, 3 & 6 Makassar'),
(23, 'PT. Millenium Pharmacon Internasional (MPI)', '085', 'Makassar'),
(24, 'PT. Tri Sapta Jaya', '085', 'jalan');

-- --------------------------------------------------------

--
-- Table structure for table `transkasi_penjualan`
--

CREATE TABLE `transkasi_penjualan` (
  `kd_transaksi` varchar(20) NOT NULL,
  `id_user` int(11) NOT NULL,
  `nama_pembeli` varchar(50) NOT NULL,
  `alamat_pembeli` varchar(100) NOT NULL,
  `note` varchar(100) NOT NULL,
  `total_trx` int(11) NOT NULL,
  `total_bayar` int(11) NOT NULL,
  `kembalian` int(11) NOT NULL,
  `waktu_trx` timestamp NOT NULL DEFAULT current_timestamp() ON UPDATE current_timestamp()
) ENGINE=InnoDB DEFAULT CHARSET=utf8mb4;

--
-- Dumping data for table `transkasi_penjualan`
--

INSERT INTO `transkasi_penjualan` (`kd_transaksi`, `id_user`, `nama_pembeli`, `alamat_pembeli`, `note`, `total_trx`, `total_bayar`, `kembalian`, `waktu_trx`) VALUES
('010122001', 1, '', '', '', 20000, 20000, 0, '2022-01-01 11:11:47'),
('080122001', 1, '', '', '', 39000, 50000, 11000, '2022-01-08 13:35:00'),
('080122002', 1, '', '', '', 10000, 10000, 0, '2022-01-08 13:35:28'),
('180122001', 1, 'mama ipa', 'jl. dg. pasau', '', 37000, 100000, 63000, '2022-01-18 08:45:02'),
('180122002', 1, '', '', '', 15000, 15000, 0, '2022-01-18 10:35:58'),
('200122001', 1, '', '', '', 15000, 15000, 0, '2022-01-20 13:42:24'),
('200122002', 1, '', '', '', 17000, 20000, 3000, '2022-01-20 13:43:14'),
('220122001', 1, '', '', '', 5000, 5000, 0, '2022-01-22 13:41:20'),
('220122002', 1, '', '', '', 4000, 4000, 0, '2022-01-22 13:42:11'),
('220122003', 1, '', '', '', 13000, 13000, 0, '2022-01-22 13:43:11'),
('220122004', 1, '', '', '', 4000, 4000, 0, '2022-01-22 13:53:17'),
('221121001', 1, '', '', '', 23000, 30000, 7000, '2021-11-22 09:13:18'),
('230122001', 1, '', '', '', 7000, 7000, 0, '2022-01-23 02:04:06'),
('241121001', 1, '', '', '', 23000, 30000, 7000, '2021-11-24 12:17:14'),
('241121002', 1, '', '', '', 43000, 50000, 7000, '2021-11-24 12:17:35'),
('241221001', 1, 'kidang', 'jl. nuri no. 2', '', 83000, 83000, 0, '2021-12-24 08:08:40'),
('311221001', 1, '', '', '', 25000, 25000, 0, '2021-12-31 11:25:27');

--
-- Triggers `transkasi_penjualan`
--
DELIMITER $$
CREATE TRIGGER `hapus_trx_penjualan` BEFORE DELETE ON `transkasi_penjualan` FOR EACH ROW BEGIN
        DELETE FROM detail_trx_penjualan WHERE kd_transaksi = OLD.kd_transaksi; 
        END
$$
DELIMITER ;

-- --------------------------------------------------------

--
-- Table structure for table `user`
--

CREATE TABLE `user` (
  `id` int(11) NOT NULL,
  `nama` varchar(128) NOT NULL,
  `username` varchar(100) NOT NULL,
  `password` varchar(156) NOT NULL,
  `role_id` int(11) NOT NULL,
  `waktu_buat` timestamp NOT NULL DEFAULT current_timestamp() ON UPDATE current_timestamp()
) ENGINE=InnoDB DEFAULT CHARSET=utf8mb4;

--
-- Dumping data for table `user`
--

INSERT INTO `user` (`id`, `nama`, `username`, `password`, `role_id`, `waktu_buat`) VALUES
(7, 'admin', 'admin', '$2y$10$vi6EUm52wb7XTTU/W4amGuKwptUE82w.13p9qHn9KLCn1s.6CGu1q', 2, '2022-01-17 12:58:22'),
(8, 'erzena', 'erzena', '$2y$10$nMtPjyDzQytBlAe7qPToeOAZ/54lT2Uxn7SPdUCespNFA3a6lvOiy', 1, '2022-01-17 13:01:09');

-- --------------------------------------------------------

--
-- Table structure for table `user_role`
--

CREATE TABLE `user_role` (
  `id` int(11) NOT NULL,
  `role` varchar(128) NOT NULL
) ENGINE=InnoDB DEFAULT CHARSET=utf8mb4;

--
-- Dumping data for table `user_role`
--

INSERT INTO `user_role` (`id`, `role`) VALUES
(1, 'Admin'),
(2, 'Karyawan');

-- --------------------------------------------------------

--
-- Structure for view `laporan1`
--
DROP TABLE IF EXISTS `laporan1`;

CREATE ALGORITHM=UNDEFINED DEFINER=`root`@`localhost` SQL SECURITY DEFINER VIEW `laporan1`  AS SELECT `a`.`kd_obat` AS `kd_obat`, `c`.`nama_obat` AS `nama_obat`, `a`.`harga_beli` AS `harga_beli`, sum(`a`.`qty`) AS `penambahan`, 0 AS `pengurangan` FROM ((`detail_pembelian` `a` left join `faktur_pembelian` `b` on(`a`.`no_faktur` = `b`.`no_faktur`)) left join `master_obat` `c` on(`c`.`kd_obat` = `a`.`kd_obat`)) ;

--
-- Indexes for dumped tables
--

--
-- Indexes for table `detail_pembelian`
--
ALTER TABLE `detail_pembelian`
  ADD PRIMARY KEY (`id_dtl_pembelian`),
  ADD KEY `no_faktur` (`no_faktur`);

--
-- Indexes for table `detail_trx_penjualan`
--
ALTER TABLE `detail_trx_penjualan`
  ADD PRIMARY KEY (`id_dtl_trx_jual`),
  ADD KEY `kd_transaksi` (`kd_transaksi`);

--
-- Indexes for table `faktur_pembelian`
--
ALTER TABLE `faktur_pembelian`
  ADD PRIMARY KEY (`no_faktur`),
  ADD KEY `id_suplier` (`id_suplier`);

--
-- Indexes for table `master_obat`
--
ALTER TABLE `master_obat`
  ADD PRIMARY KEY (`kd_obat`);

--
-- Indexes for table `supplier`
--
ALTER TABLE `supplier`
  ADD PRIMARY KEY (`id_suplier`);

--
-- Indexes for table `transkasi_penjualan`
--
ALTER TABLE `transkasi_penjualan`
  ADD PRIMARY KEY (`kd_transaksi`);

--
-- Indexes for table `user`
--
ALTER TABLE `user`
  ADD PRIMARY KEY (`id`);

--
-- Indexes for table `user_role`
--
ALTER TABLE `user_role`
  ADD PRIMARY KEY (`id`);

--
-- AUTO_INCREMENT for dumped tables
--

--
-- AUTO_INCREMENT for table `detail_pembelian`
--
ALTER TABLE `detail_pembelian`
  MODIFY `id_dtl_pembelian` int(11) NOT NULL AUTO_INCREMENT, AUTO_INCREMENT=533;

--
-- AUTO_INCREMENT for table `detail_trx_penjualan`
--
ALTER TABLE `detail_trx_penjualan`
  MODIFY `id_dtl_trx_jual` int(11) NOT NULL AUTO_INCREMENT, AUTO_INCREMENT=28;

--
-- AUTO_INCREMENT for table `supplier`
--
ALTER TABLE `supplier`
  MODIFY `id_suplier` int(11) NOT NULL AUTO_INCREMENT, AUTO_INCREMENT=25;

--
-- AUTO_INCREMENT for table `user`
--
ALTER TABLE `user`
  MODIFY `id` int(11) NOT NULL AUTO_INCREMENT, AUTO_INCREMENT=9;

--
-- AUTO_INCREMENT for table `user_role`
--
ALTER TABLE `user_role`
  MODIFY `id` int(11) NOT NULL AUTO_INCREMENT, AUTO_INCREMENT=3;

--
-- Constraints for dumped tables
--

--
-- Constraints for table `detail_pembelian`
--
ALTER TABLE `detail_pembelian`
  ADD CONSTRAINT `detail_pembelian_ibfk_1` FOREIGN KEY (`no_faktur`) REFERENCES `faktur_pembelian` (`no_faktur`);

--
-- Constraints for table `detail_trx_penjualan`
--
ALTER TABLE `detail_trx_penjualan`
  ADD CONSTRAINT `detail_trx_penjualan_ibfk_1` FOREIGN KEY (`kd_transaksi`) REFERENCES `transkasi_penjualan` (`kd_transaksi`);

--
-- Constraints for table `faktur_pembelian`
--
ALTER TABLE `faktur_pembelian`
  ADD CONSTRAINT `faktur_pembelian_ibfk_1` FOREIGN KEY (`id_suplier`) REFERENCES `supplier` (`id_suplier`);
COMMIT;

/*!40101 SET CHARACTER_SET_CLIENT=@OLD_CHARACTER_SET_CLIENT */;
/*!40101 SET CHARACTER_SET_RESULTS=@OLD_CHARACTER_SET_RESULTS */;
/*!40101 SET COLLATION_CONNECTION=@OLD_COLLATION_CONNECTION */;
